{"google": ["X", "free", "X", "X", "X", "9", "9", "X", "X", "X"], "sphinx_fil": ["X", "8", "X", "X", "X", "1", "X", "X", "2", "X"], "wit": ["yeah", "three", "five", "four", "four", "nine", "nine", "set", "two", "thank"], "time3": 1.7179632186889648, "time8": 1.933933973312378, "time9": 2.4300010204315186, "time4": 2.150681972503662, "time5": 1.5259602069854736, "time6": 1.6950709819793701, "time7": 4.2169389724731445, "time0": 1.5358290672302246, "time1": 2.016547918319702, "time2": 1.8226501941680908, "googleCloud_fil": ["X", "3", "X", "4", "X", "9", "9", "X", "2", "6"], "final": "0354499726", "total_time": 21.21478295326233, "bing_fil": ["0", "3", "X", "4", "4", "9", "9", "7", "2", "6"], "houndify": ["X", "X", "X", "X", "X", "X", "X", "X", "X", "X"], "wit_fil": ["0", "3", "5", "4", "4", "9", "9", "6", "2", "X"], "googleCloud": ["X", "three", "X", "four", "X", "nine", "nine", "X", "two", "six"], "sphinx": ["then", "they", "by it", "good", "poor", "none", "now i am", "but in old", "two", "they had"], "ibm": ["there", "very", "I", "or", "or", "nine", "nine", "X", "true", "they"], "google_fil": ["X", "3", "X", "X", "X", "9", "9", "X", "X", "X"], "bing": ["girl", "three", "X", "four", "or", "nine", "nine", "seven", "two", "six"], "ibm_fil": ["X", "3", "X", "4", "4", "9", "9", "X", "X", "8"], "houndify_fil": ["X", "X", "X", "X", "X", "X", "X", "X", "X", "X"]}