{"bing_fil": ["X", "3", "X", "4", "X", "9", "9", "7", "2", "6"], "google": ["X", "free", "X", "X", "X", "9", "9", "X", "X", "X"], "sphinx": ["then", "they", "by it", "good", "poor", "none", "now i am", "but in old", "two", "they had"], "ibm": ["there", "very", "I", "or", "or", "nine", "nine", "X", "true", "they"], "google_fil": ["X", "X", "X", "X", "X", "9", "9", "X", "X", "X"], "wit": ["yeah", "three", "five", "four", "four", "nine", "nine", "set", "two", "thank"], "bing": ["girl", "three", "X", "four", "or", "nine", "nine", "seven", "two", "six"], "sphinx_fil": ["X", "X", "X", "X", "X", "X", "X", "X", "2", "X"], "googleCloud_fil": ["X", "3", "X", "4", "X", "9", "9", "X", "2", "6"], "wit_fil": ["X", "3", "5", "4", "4", "9", "9", "X", "2", "X"], "ibm_fil": ["X", "X", "X", "X", "X", "9", "9", "X", "X", "X"], "final": "XXXXX99X2X", "googleCloud": ["X", "three", "X", "four", "X", "nine", "nine", "X", "two", "six"]}