{"bing_fil": ["0", "33", null, "44", "44", "99", "99", "77", "22", "6666"], "google": ["X", "free", "X", "X", "X", "9", "9", "X", "X", "X"], "sphinx": ["then", "they", "by it", "good", "poor", "none", "now i am", "but in old", "two", "they had"], "ibm": ["there", "very", "I", "or", "or", "nine", "nine", "X", "true", "they"], "google_fil": [null, "33", null, null, null, "99", "99", null, null, null], "wit": ["yeah", "three", "five", "four", "four", "nine", "nine", "set", "two", "thank"], "bing": ["girl", "three", "X", "four", "or", "nine", "nine", "seven", "two", "six"], "sphinx_fil": ["8", "8", null, null, "4", "9", null, null, "22", null], "googleCloud_fil": [null, "33", null, "44", null, "99", "99", null, "22", "6666"], "wit_fil": ["0", "33", "55", "44", "44", "99", "99", "6666", "22", "6"], "ibm_fil": [null, "3", "59", "44", "44", "99", "99", null, "2", "8"], "final": "0354499626", "googleCloud": ["X", "three", "X", "four", "X", "nine", "nine", "X", "two", "six"]}