{"google": ["X", "X", "X", "0", "X", "X", "0", "X", "X", "X"], "sphinx_fil": ["X", "X", "0", "X", "X", "1", "0", "9", "2", "X"], "wit": ["one", "four", "hello", "zero", "", "one", "zero", "nine", "how do", "six"], "time3": 1.9105851650238037, "time8": 2.845034122467041, "time9": 2.9297220706939697, "time4": 18.285388231277466, "time5": 5.364993095397949, "time6": 3.5283288955688477, "time7": 2.0845251083374023, "time0": 5.228726863861084, "time1": 2.183429002761841, "time2": 2.1709518432617188, "googleCloud_fil": ["1", "4", "X", "0", "X", "X", "0", "X", "X", "X"], "final": "1400810926", "total_time": 47.52192211151123, "bing_fil": ["1", "4", "X", "0", "X", "1", "0", "9", "2", "X"], "houndify": ["X", "X", "X", "X", "X", "X", "X", "X", "X", "X"], "wit_fil": ["1", "4", "0", "0", "X", "1", "0", "9", "2", "6"], "googleCloud": ["one", "four", "X", "zero", "X", "X", "zero", "X", "X", "X"], "sphinx": ["and while it is", "hold on", "hello", "bureau", "they are", "one", "bill", "nine", "i do", "what"], "ibm": ["one", "or", "true", "zero", "a", "one", "zero", "nine", "how do", "X"], "google_fil": ["X", "X", "X", "0", "X", "X", "0", "X", "X", "X"], "bing": ["one", "four", "true", "zero", "X", "one", "zero", "nine", "two", "X"], "ibm_fil": ["1", "4", "X", "0", "8", "1", "0", "9", "2", "X"], "houndify_fil": ["X", "X", "X", "X", "X", "X", "X", "X", "X", "X"]}