{"bing_fil": ["11", "44", "2", "00", null, "11", "00", "99", "22", null], "google": ["X", "X", "X", "0", "X", "X", "0", "X", "X", "X"], "sphinx": ["and while it is", "hold on", "hello", "bureau", "they are", "one", "bill", "nine", "i do", "what"], "ibm": ["one", "or", "true", "zero", "a", "one", "zero", "nine", "how do", "X"], "google_fil": [null, null, null, "00", null, null, "00", null, null, null], "wit": ["one", "four", "hello", "zero", "", "one", "zero", "nine", "how do", "six"], "bing": ["one", "four", "true", "zero", "X", "one", "zero", "nine", "two", "X"], "sphinx_fil": [null, null, "20", null, null, "11", "0", "99", "2", null], "googleCloud_fil": ["11", "44", null, "00", null, null, "00", null, null, null], "wit_fil": ["11", "44", "20", "00", null, "11", "00", "99", "2", "6666"], "ibm_fil": ["11", "44", "2", "00", "8", "11", "00", "99", "2", null], "final": "1420810926", "googleCloud": ["one", "four", "X", "zero", "X", "X", "zero", "X", "X", "X"]}