{"bing_fil": ["1", "4", "X", "0", "X", "1", "0", "9", "2", "X"], "google": ["X", "X", "X", "0", "X", "X", "0", "X", "X", "X"], "sphinx": ["and while it is", "hold on", "hello", "bureau", "they are", "one", "bill", "nine", "i do", "what"], "ibm": ["one", "or", "true", "zero", "a", "one", "zero", "nine", "how do", "X"], "google_fil": ["X", "X", "X", "0", "X", "X", "0", "X", "X", "X"], "wit": ["one", "four", "hello", "zero", "", "one", "zero", "nine", "how do", "six"], "bing": ["one", "four", "true", "zero", "X", "one", "zero", "nine", "two", "X"], "sphinx_fil": ["X", "X", "X", "X", "X", "1", "X", "9", "X", "X"], "googleCloud_fil": ["1", "4", "X", "0", "X", "X", "0", "X", "X", "X"], "wit_fil": ["1", "4", "X", "0", "X", "1", "0", "9", "X", "6"], "ibm_fil": ["1", "X", "X", "0", "X", "1", "0", "9", "X", "X"], "final": "1XX0X109XX", "googleCloud": ["one", "four", "X", "zero", "X", "X", "zero", "X", "X", "X"]}