{"google": ["X", "X", "X", "X", "X", "0", "Arrow", "Europe", "video", "X"], "sphinx_fil": ["X", "1", "X", "1", "8", "X", "0", "0", "0", "X"], "wit": ["hello", "", "nine", "nine", "", "no", "no", "no", "you know", "hi"], "time3": 1.887321949005127, "time8": 2.157855987548828, "time9": 2.233212947845459, "time4": 2.2259838581085205, "time5": 2.3107638359069824, "time6": 1.6163179874420166, "time7": 2.5532519817352295, "time0": 3.528853178024292, "time1": 2.859382152557373, "time2": 3.6528918743133545, "googleCloud_fil": ["2", "6", "X", "9", "X", "0", "0", "0", "0", "8"], "final": "2699800008", "total_time": 25.19538402557373, "bing_fil": ["2", "X", "X", "9", "8", "X", "X", "X", "X", "X"], "houndify": ["X", "X", "X", "X", "X", "X", "X", "X", "X", "X"], "wit_fil": ["0", "X", "9", "9", "X", "9", "9", "9", "0", "X"], "googleCloud": ["two", "six", "X", "nine", "X", "zero", "zero", "zero", "zero", "eight"], "sphinx": ["well", "the one", "and not to", "none", "hey", "no no", "you know", "the hero", "you know", "ed"], "ibm": ["to", "X", "not", "nine", "a", "you know", "there are", "yeah", "zero", "I"], "google_fil": ["X", "X", "X", "X", "X", "0", "0", "X", "X", "X"], "bing": ["two", "thanks", "not", "nine", "hey", "X", "X", "X", "X", "hi"], "ibm_fil": ["2", "X", "X", "9", "8", "0", "X", "0", "0", "X"], "houndify_fil": ["X", "X", "X", "X", "X", "X", "X", "X", "X", "X"]}