{"bing_fil": ["2", "X", "X", "9", "X", "X", "X", "X", "X", "X"], "google": ["X", "X", "X", "X", "X", "0", "Arrow", "Europe", "video", "X"], "sphinx": ["well", "the one", "and not to", "none", "hey", "no no", "you know", "the hero", "you know", "ed"], "ibm": ["to", "X", "not", "nine", "a", "you know", "there are", "yeah", "zero", "I"], "google_fil": ["X", "X", "X", "X", "X", "0", "X", "X", "X", "X"], "wit": ["hello", "", "nine", "nine", "", "no", "no", "no", "you know", "hi"], "bing": ["two", "thanks", "not", "nine", "hey", "X", "X", "X", "X", "hi"], "sphinx_fil": ["X", "X", "X", "X", "X", "X", "X", "X", "X", "X"], "googleCloud_fil": ["2", "6", "X", "9", "X", "0", "0", "0", "0", "8"], "wit_fil": ["X", "X", "9", "9", "X", "X", "X", "X", "X", "X"], "ibm_fil": ["2", "X", "X", "9", "X", "X", "X", "X", "0", "X"], "final": "XXX9XXXXXX", "googleCloud": ["two", "six", "X", "nine", "X", "zero", "zero", "zero", "zero", "eight"]}