{"bing_fil": ["22", "666", null, "99", "8", null, null, null, null, "59"], "google": ["X", "X", "X", "X", "X", "0", "Arrow", "Europe", "video", "X"], "sphinx": ["well", "the one", "and not to", "none", "hey", "no no", "you know", "the hero", "you know", "ed"], "ibm": ["to", "X", "not", "nine", "a", "you know", "there are", "yeah", "zero", "I"], "google_fil": [null, null, null, null, null, "00", "0", "0", null, null], "wit": ["hello", "", "nine", "nine", "", "no", "no", "no", "you know", "hi"], "bing": ["two", "thanks", "not", "nine", "hey", "X", "X", "X", "X", "hi"], "sphinx_fil": ["0", null, null, "9", "8", null, "0", "0", "0", null], "googleCloud_fil": ["22", "6666", null, "99", null, "00", "00", "00", "00", "888"], "wit_fil": ["20", null, "99", "99", null, "9", "9", "9", "0", "59"], "ibm_fil": ["22", null, null, "99", "8", "0", null, "0", "00", "59"], "final": "2699800005", "googleCloud": ["two", "six", "X", "nine", "X", "zero", "zero", "zero", "zero", "eight"]}