{"google": ["X", "X", "X", "X", "X", "0", "X", "X", "X", "X"], "sphinx_fil": ["X", "1", "X", "1", "8", "X", "X", "X", "X", "1"], "wit": ["hi", "nine", "we", "one", "three", "yo", "", "who", "who", "eight hundred"], "time3": 3.579123020172119, "time8": 2.3182191848754883, "time9": 2.8431968688964844, "time4": 2.0854508876800537, "time5": 2.310249090194702, "time6": 3.3638389110565186, "time7": 1.3729147911071777, "time0": 2.009307861328125, "time1": 3.7877418994903564, "time2": 2.7956061363220215, "googleCloud_fil": ["5", "X", "3", "1", "3", "0", "X", "2", "4", "8"], "final": "593130X248", "total_time": 26.621439218521118, "bing_fil": ["X", "X", "X", "1", "X", "0", "X", "2", "X", "8"], "houndify": ["X", "X", "X", "X", "X", "X", "X", "X", "X", "X"], "wit_fil": ["X", "9", "X", "1", "3", "0", "X", "2", "2", "1"], "googleCloud": ["five", "X", "three", "one", "three", "zero", "X", "two", "four", "eight"], "sphinx": ["bye", "none", "hey hey", "one", "they", "and you know", "oh", "oh", "pull", "a hundred"], "ibm": ["I", "X", "really", "one", "re", "zero", "X", "to", "or", "eight"], "google_fil": ["X", "X", "X", "X", "X", "0", "X", "X", "X", "X"], "bing": ["i", "time", "X", "one", "X", "zero", "X", "do", "call", "hey"], "ibm_fil": ["X", "X", "X", "1", "X", "0", "X", "2", "4", "8"], "houndify_fil": ["X", "X", "X", "X", "X", "X", "X", "X", "X", "X"]}