{"bing_fil": ["59", null, null, "11", null, "00", null, "2", null, "8"], "google": ["X", "X", "X", "X", "X", "0", "X", "X", "X", "X"], "sphinx": ["bye", "none", "hey hey", "one", "they", "and you know", "oh", "oh", "pull", "a hundred"], "ibm": ["I", "X", "really", "one", "re", "zero", "X", "to", "or", "eight"], "google_fil": [null, null, null, null, null, "00", null, null, null, null], "wit": ["hi", "nine", "we", "one", "three", "yo", "", "who", "who", "eight hundred"], "bing": ["i", "time", "X", "one", "X", "zero", "X", "do", "call", "hey"], "sphinx_fil": ["59", "9", null, "11", "8", null, null, null, null, null], "googleCloud_fil": ["55", null, "33", "11", "33", "00", null, "22", "44", "888"], "wit_fil": ["59", "99", "33", "11", "33", "0", null, "22", "22", "8"], "ibm_fil": ["59", null, "3", "11", null, "00", null, "22", "44", "888"], "final": "593130X248", "googleCloud": ["five", "X", "three", "one", "three", "zero", "X", "two", "four", "eight"]}