{"bing_fil": ["X", "X", "X", "1", "X", "0", "X", "X", "X", "X"], "google": ["X", "X", "X", "X", "X", "0", "X", "X", "X", "X"], "sphinx": ["bye", "none", "hey hey", "one", "they", "and you know", "oh", "oh", "pull", "a hundred"], "ibm": ["I", "X", "really", "one", "re", "zero", "X", "to", "or", "eight"], "google_fil": ["X", "X", "X", "X", "X", "0", "X", "X", "X", "X"], "wit": ["hi", "nine", "we", "one", "three", "yo", "", "who", "who", "eight hundred"], "bing": ["i", "time", "X", "one", "X", "zero", "X", "do", "call", "hey"], "sphinx_fil": ["X", "X", "X", "1", "X", "X", "X", "X", "X", "X"], "googleCloud_fil": ["5", "X", "3", "1", "3", "0", "X", "2", "4", "8"], "wit_fil": ["X", "9", "X", "1", "3", "X", "X", "X", "X", "X"], "ibm_fil": ["X", "X", "X", "1", "X", "0", "X", "2", "X", "8"], "final": "XXX1X0XXXX", "googleCloud": ["five", "X", "three", "one", "three", "zero", "X", "two", "four", "eight"]}