{"google": ["X", "X", "Euro", "X", "X", "free", "X", "X", "X", "want"], "sphinx_fil": ["X", "4", "0", "X", "8", "X", "X", "X", "X", "0"], "wit": ["nine", "four", "no", "", "", "three", "nine", "five", "five", "one"], "time3": 2.546820878982544, "time8": 2.1313679218292236, "time9": 2.9899749755859375, "time4": 2.270095109939575, "time5": 4.54831600189209, "time6": 3.44352388381958, "time7": 3.0942108631134033, "time0": 3.554636001586914, "time1": 2.07668399810791, "time2": 5.238559007644653, "googleCloud_fil": ["X", "X", "0", "X", "X", "3", "9", "5", "X", "X"], "final": "9402839551", "total_time": 32.141830921173096, "bing_fil": ["9", "4", "0", "2", "X", "3", "9", "5", "X", "1"], "houndify": ["X", "X", "X", "X", "X", "X", "X", "X", "X", "X"], "wit_fil": ["9", "4", "9", "X", "X", "3", "9", "5", "5", "1"], "googleCloud": ["X", "X", "zero", "X", "X", "three", "nine", "five", "X", "X"], "sphinx": ["why", "four", "hero", "they'll", "they", "it really", "now a", "ah", "bye", "yeah"], "ibm": ["right", "for", "zero", "you", "eight", "very", "nine", "I", "by", "one"], "google_fil": ["X", "X", "X", "X", "X", "3", "X", "X", "X", "X"], "bing": ["night", "or", "zero", "do", "X", "three", "night", "five", "bye", "one"], "ibm_fil": ["X", "4", "0", "X", "8", "3", "9", "X", "X", "1"], "houndify_fil": ["X", "X", "X", "X", "X", "X", "X", "X", "X", "X"]}