{"bing_fil": ["X", "X", "0", "X", "X", "3", "X", "5", "X", "1"], "google": ["X", "X", "Euro", "X", "X", "free", "X", "X", "X", "want"], "sphinx": ["why", "four", "hero", "they'll", "they", "it really", "now a", "ah", "bye", "yeah"], "ibm": ["right", "for", "zero", "you", "eight", "very", "nine", "I", "by", "one"], "google_fil": ["X", "X", "X", "X", "X", "X", "X", "X", "X", "X"], "wit": ["nine", "four", "no", "", "", "three", "nine", "five", "five", "one"], "bing": ["night", "or", "zero", "do", "X", "three", "night", "five", "bye", "one"], "sphinx_fil": ["X", "4", "X", "X", "X", "X", "X", "X", "X", "X"], "googleCloud_fil": ["X", "X", "0", "X", "X", "3", "9", "5", "X", "X"], "wit_fil": ["9", "4", "X", "X", "X", "3", "9", "5", "5", "1"], "ibm_fil": ["X", "4", "0", "X", "8", "X", "9", "X", "X", "1"], "final": "XXXXXXXXXX", "googleCloud": ["X", "X", "zero", "X", "X", "three", "nine", "five", "X", "X"]}