{"bing_fil": ["9", "44", "00", "2", null, "33", "9", "55", "59", "11"], "google": ["X", "X", "Euro", "X", "X", "free", "X", "X", "X", "want"], "sphinx": ["why", "four", "hero", "they'll", "they", "it really", "now a", "ah", "bye", "yeah"], "ibm": ["right", "for", "zero", "you", "eight", "very", "nine", "I", "by", "one"], "google_fil": [null, null, null, null, null, "33", null, null, null, null], "wit": ["nine", "four", "no", "", "", "three", "nine", "five", "five", "one"], "bing": ["night", "or", "zero", "do", "X", "three", "night", "five", "bye", "one"], "sphinx_fil": ["5", "44", "0", null, "8", null, null, null, "59", "0"], "googleCloud_fil": [null, null, "00", null, null, "33", "99", "55", null, null], "wit_fil": ["99", "44", "9", null, null, "33", "99", "55", "55", "11"], "ibm_fil": [null, "44", "00", "2", "888", "3", "99", "59", "59", "11"], "final": "9402839551", "googleCloud": ["X", "X", "zero", "X", "X", "three", "nine", "five", "X", "X"]}