{"bing_fil": ["X", "9", "0", "7", "7", "X", "9", "X", "X", "X"], "google": ["X", "X", "0", "7", "X", "9", "X", "X", "X", "X"], "sphinx": ["the", "the eyeing", "yo", "that in", "the new", "now i did", "none", "now i", "nine", "neither"], "ibm": ["X", "nine", "zero", "X", "rather", "nine", "I", "nine", "nine", "now I"], "google_fil": ["X", "X", "0", "7", "X", "9", "X", "X", "X", "X"], "wit": ["thank", "nine", "zero", "seven", "", "no", "nine", "nine", "", "nine"], "bing": ["sex", "nine", "zero", "seven", "seven", "night", "nine", "night", "no", "no"], "sphinx_fil": ["X", "X", "X", "X", "X", "X", "X", "X", "9", "X"], "googleCloud_fil": ["X", "X", "0", "7", "7", "9", "9", "X", "X", "X"], "wit_fil": ["X", "9", "0", "7", "X", "X", "9", "9", "X", "9"], "ibm_fil": ["X", "9", "0", "X", "X", "9", "X", "9", "9", "X"], "final": "XX07X9XXXX", "googleCloud": ["X", "X", "zero", "seven", "seven", "nine", "nine", "X", "X", "X"]}