{"google": ["X", "X", "0", "7", "X", "9", "X", "X", "X", "X"], "sphinx_fil": ["X", "X", "0", "X", "2", "X", "1", "X", "9", "X"], "wit": ["thank", "nine", "zero", "seven", "", "no", "nine", "nine", "", "nine"], "time3": 4.210065126419067, "time8": 2.6997060775756836, "time9": 2.535491943359375, "time4": 6.678338050842285, "time5": 6.2674880027771, "time6": 2.5102970600128174, "time7": 3.27166485786438, "time0": 3.2626399993896484, "time1": 1.9504430294036865, "time2": 2.2613468170166016, "googleCloud_fil": ["X", "X", "0", "7", "7", "9", "9", "X", "X", "X"], "final": "6907799999", "total_time": 36.41386699676514, "bing_fil": ["6", "9", "0", "7", "7", "9", "9", "9", "9", "9"], "houndify": ["X", "X", "X", "X", "X", "X", "X", "X", "X", "X"], "wit_fil": ["X", "9", "0", "7", "X", "9", "9", "9", "X", "9"], "googleCloud": ["X", "X", "zero", "seven", "seven", "nine", "nine", "X", "X", "X"], "sphinx": ["the", "the eyeing", "yo", "that in", "the new", "now i did", "none", "now i", "nine", "neither"], "ibm": ["X", "nine", "zero", "X", "rather", "nine", "I", "nine", "nine", "now I"], "google_fil": ["X", "X", "0", "7", "X", "9", "X", "X", "X", "X"], "bing": ["sex", "nine", "zero", "seven", "seven", "night", "nine", "night", "no", "no"], "ibm_fil": ["X", "9", "0", "X", "X", "9", "X", "9", "9", "X"], "houndify_fil": ["X", "X", "X", "X", "X", "X", "X", "X", "X", "X"]}