{"bing_fil": ["6666", "99", "00", "77", "77", "9", "99", "9", "9", "9"], "google": ["X", "X", "0", "7", "X", "9", "X", "X", "X", "X"], "sphinx": ["the", "the eyeing", "yo", "that in", "the new", "now i did", "none", "now i", "nine", "neither"], "ibm": ["X", "nine", "zero", "X", "rather", "nine", "I", "nine", "nine", "now I"], "google_fil": [null, null, "00", "77", null, "99", null, null, null, null], "wit": ["thank", "nine", "zero", "seven", "", "no", "nine", "nine", "", "nine"], "bing": ["sex", "nine", "zero", "seven", "seven", "night", "nine", "night", "no", "no"], "sphinx_fil": [null, null, "0", "7", "2", null, "9", "9", "99", null], "googleCloud_fil": [null, null, "00", "77", "77", "99", "99", null, null, null], "wit_fil": ["6", "99", "00", "77", null, "9", "99", "99", null, "99"], "ibm_fil": [null, "99", "00", null, null, "99", "59", "99", "99", "9"], "final": "6907799999", "googleCloud": ["X", "X", "zero", "seven", "seven", "nine", "nine", "X", "X", "X"]}