{"bing_fil": ["X", "X", "X", "X", "X", "X", "X", "X", "X", "X"], "google": ["X", "X", "X", "3", "X", "X", "X", "X", "X", "X"], "sphinx": ["no", "they", "hey oh one", "great", "hi", "good", "well i", "they are", "you", "hey"], "ibm": ["yeah", "a", "you know", "great", "I", "eight", "or", "X", "you", "eight"], "google_fil": ["X", "X", "X", "3", "X", "X", "X", "X", "X", "X"], "wit": ["yeah", "hey", "who", "three", "why", "then", "what", "", "who", ""], "bing": ["yeah", "hey", "X", "great", "i", "X", "X", "X", "X", "X"], "sphinx_fil": ["X", "X", "X", "X", "X", "X", "X", "X", "X", "X"], "googleCloud_fil": ["X", "8", "X", "3", "5", "8", "X", "X", "X", "X"], "wit_fil": ["X", "X", "X", "3", "X", "X", "X", "X", "X", "X"], "ibm_fil": ["X", "X", "X", "X", "X", "8", "X", "X", "X", "8"], "final": "XXX3XXXXXX", "googleCloud": ["X", "eight", "X", "three", "five", "eight", "X", "X", "X", "X"]}