{"bing_fil": ["0", "8", null, null, "59", null, null, null, null, null], "google": ["X", "X", "X", "3", "X", "X", "X", "X", "X", "X"], "sphinx": ["no", "they", "hey oh one", "great", "hi", "good", "well i", "they are", "you", "hey"], "ibm": ["yeah", "a", "you know", "great", "I", "eight", "or", "X", "you", "eight"], "google_fil": [null, null, null, "33", null, null, null, null, null, null], "wit": ["yeah", "hey", "who", "three", "why", "then", "what", "", "who", ""], "bing": ["yeah", "hey", "X", "great", "i", "X", "X", "X", "X", "X"], "sphinx_fil": ["9", "8", null, null, "59", null, null, null, "2", "8"], "googleCloud_fil": [null, "888", null, "33", "55", "888", null, null, null, null], "wit_fil": ["0", "8", "22", "33", "5", "8", null, null, "22", null], "ibm_fil": ["0", "8", "0", null, "59", "888", "44", null, "2", "888"], "final": "0823584X28", "googleCloud": ["X", "eight", "X", "three", "five", "eight", "X", "X", "X", "X"]}