{"google": ["X", "X", "X", "3", "X", "X", "X", "X", "X", "X"], "sphinx_fil": ["9", "8", "1", "X", "X", "X", "X", "X", "X", "8"], "wit": ["yeah", "hey", "who", "three", "why", "then", "what", "", "who", ""], "time3": 2.7138969898223877, "time8": 2.1158270835876465, "time9": 1.9803228378295898, "time4": 1.7410328388214111, "time5": 2.294732093811035, "time6": 1.9298820495605469, "time7": 2.6368889808654785, "time0": 2.0549979209899902, "time1": 3.7122387886047363, "time2": 3.4419069290161133, "googleCloud_fil": ["X", "8", "X", "3", "5", "8", "X", "X", "X", "X"], "final": "0813584X28", "total_time": 24.79767394065857, "bing_fil": ["0", "8", "X", "X", "X", "X", "X", "X", "X", "X"], "houndify": ["X", "X", "X", "X", "X", "X", "X", "X", "X", "X"], "wit_fil": ["0", "8", "2", "3", "X", "X", "X", "X", "2", "X"], "googleCloud": ["X", "eight", "X", "three", "five", "eight", "X", "X", "X", "X"], "sphinx": ["no", "they", "hey oh one", "great", "hi", "good", "well i", "they are", "you", "hey"], "ibm": ["yeah", "a", "you know", "great", "I", "eight", "or", "X", "you", "eight"], "google_fil": ["X", "X", "X", "3", "X", "X", "X", "X", "X", "X"], "bing": ["yeah", "hey", "X", "great", "i", "X", "X", "X", "X", "X"], "ibm_fil": ["0", "8", "0", "X", "X", "8", "4", "X", "X", "8"], "houndify_fil": ["X", "X", "X", "X", "X", "X", "X", "X", "X", "X"]}