{"bing_fil": ["X", "0", "0", "8", "X", "4", "X", "X", "5", "3"], "google": ["what", "X", "0", "X", "X", "4", "fun", "sick", "X", "3"], "sphinx": ["no", "do you know", "and you know", "they", "go ahead", "all right", "why", "good and", "bye", "they"], "ibm": ["X", "you know", "zero", "X", "X", "or", "one", "six", "five", "three"], "google_fil": ["X", "X", "0", "X", "X", "4", "X", "X", "X", "3"], "wit": ["", "yo", "zero", "", "seven", "are", "one", "thank", "alright", "do"], "bing": ["X", "zero", "zero", "eight", "X", "four", "fun", "sex", "five", "three"], "sphinx_fil": ["X", "X", "X", "X", "X", "X", "X", "X", "X", "X"], "googleCloud_fil": ["1", "0", "0", "X", "X", "4", "1", "X", "X", "3"], "wit_fil": ["X", "X", "0", "X", "7", "X", "1", "X", "X", "X"], "ibm_fil": ["X", "X", "0", "X", "X", "X", "1", "6", "5", "3"], "final": "XX0XX4XXX3", "googleCloud": ["one", "zero", "zero", "X", "X", "four", "one", "X", "X", "three"]}