{"google": ["what", "X", "0", "X", "X", "4", "fun", "sick", "X", "3"], "sphinx_fil": ["9", "X", "X", "8", "X", "X", "X", "X", "X", "8"], "wit": ["", "yo", "zero", "", "seven", "are", "one", "thank", "alright", "do"], "time3": 5.982126951217651, "time8": 2.6851961612701416, "time9": 2.9541571140289307, "time4": 7.18629002571106, "time5": 4.476089954376221, "time6": 5.8186469078063965, "time7": 4.331747055053711, "time0": 5.813658952713013, "time1": 3.154047966003418, "time2": 5.647524118423462, "googleCloud_fil": ["1", "0", "0", "X", "X", "4", "1", "X", "X", "3"], "final": "1008741653", "total_time": 48.77606201171875, "bing_fil": ["X", "0", "0", "8", "X", "4", "1", "6", "5", "3"], "houndify": ["X", "X", "X", "X", "X", "X", "X", "X", "X", "X"], "wit_fil": ["X", "0", "0", "X", "7", "X", "1", "X", "X", "2"], "googleCloud": ["one", "zero", "zero", "X", "X", "four", "one", "X", "X", "three"], "sphinx": ["no", "do you know", "and you know", "they", "go ahead", "all right", "why", "good and", "bye", "they"], "ibm": ["X", "you know", "zero", "X", "X", "or", "one", "six", "five", "three"], "google_fil": ["X", "X", "0", "X", "X", "4", "1", "6", "X", "3"], "bing": ["X", "zero", "zero", "eight", "X", "four", "fun", "sex", "five", "three"], "ibm_fil": ["X", "0", "0", "X", "X", "4", "1", "6", "5", "3"], "houndify_fil": ["X", "X", "X", "X", "X", "X", "X", "X", "X", "X"]}