{"bing_fil": [null, "00", "00", "888", null, "44", "1", "6666", "55", "33"], "google": ["what", "X", "0", "X", "X", "4", "fun", "sick", "X", "3"], "sphinx": ["no", "do you know", "and you know", "they", "go ahead", "all right", "why", "good and", "bye", "they"], "ibm": ["X", "you know", "zero", "X", "X", "or", "one", "six", "five", "three"], "google_fil": [null, null, "00", null, null, "44", "1", "66", null, "33"], "wit": ["", "yo", "zero", "", "seven", "are", "one", "thank", "alright", "do"], "bing": ["X", "zero", "zero", "eight", "X", "four", "fun", "sex", "five", "three"], "sphinx_fil": ["9", null, null, "8", null, null, "5", null, "59", "8"], "googleCloud_fil": ["11", "00", "00", null, null, "44", "11", null, null, "33"], "wit_fil": [null, "0", "00", null, "77", null, "11", "6", null, "2"], "ibm_fil": [null, "0", "00", null, null, "44", "11", "6666", "55", "33"], "final": "1008741653", "googleCloud": ["one", "zero", "zero", "X", "X", "four", "one", "X", "X", "three"]}