{"bing_fil": ["X", "X", "X", "X", "X", "X", "X", "X", "7", "1"], "google": ["X", "X", "X", "bear", "X", "X", "X", "X", "X", "1"], "sphinx": ["huh", "two", "hey", "well", "get out", "nine", "oh", "then", "i'd in", "one"], "ibm": ["X", "to", "a", "no", "yeah", "nine", "or", "Ron", "seven", "one"], "google_fil": ["X", "X", "X", "X", "X", "X", "X", "X", "X", "1"], "wit": ["just", "who", "hey", "", "no", "nine", "four", "wrong", "seven", "one"], "bing": ["X", "X", "hey", "yeah", "X", "X", "X", "X", "seven", "one"], "sphinx_fil": ["X", "2", "X", "X", "X", "9", "X", "X", "X", "1"], "googleCloud_fil": ["X", "2", "X", "X", "0", "9", "X", "9", "X", "1"], "wit_fil": ["X", "X", "X", "X", "X", "9", "4", "X", "7", "1"], "ibm_fil": ["X", "2", "X", "X", "X", "9", "X", "X", "7", "1"], "final": "XXXXX9XXX1", "googleCloud": ["X", "two", "X", "bear", "zero", "nine", "X", "nine", "X", "one"]}