{"bing_fil": [null, null, "8", "0", null, null, null, null, "77", "11"], "google": ["X", "X", "X", "bear", "X", "X", "X", "X", "X", "1"], "sphinx": ["huh", "two", "hey", "well", "get out", "nine", "oh", "then", "i'd in", "one"], "ibm": ["X", "to", "a", "no", "yeah", "nine", "or", "Ron", "seven", "one"], "google_fil": [null, null, null, null, null, null, null, null, null, "11"], "wit": ["just", "who", "hey", "", "no", "nine", "four", "wrong", "seven", "one"], "bing": ["X", "X", "hey", "yeah", "X", "X", "X", "X", "seven", "one"], "sphinx_fil": [null, "22", "8", "0", null, "99", null, "8", null, "11"], "googleCloud_fil": [null, "22", null, null, "00", "99", null, "99", null, "11"], "wit_fil": [null, "22", "8", null, "9", "99", "44", null, "77", "11"], "ibm_fil": [null, "22", "8", "9", "0", "99", "44", null, "77", "11"], "final": "X280094971", "googleCloud": ["X", "two", "X", "bear", "zero", "nine", "X", "nine", "X", "one"]}