{"google": ["X", "X", "X", "bear", "X", "X", "X", "X", "X", "1"], "sphinx_fil": ["X", "2", "8", "X", "X", "9", "X", "X", "X", "1"], "wit": ["just", "who", "hey", "", "no", "nine", "four", "wrong", "seven", "one"], "time3": 2.1585419178009033, "time8": 2.141263008117676, "time9": 1.4048469066619873, "time4": 1.785893201828003, "time5": 1.425257921218872, "time6": 1.852524995803833, "time7": 2.787418842315674, "time0": 2.12624192237854, "time1": 1.5799548625946045, "time2": 2.8095619678497314, "googleCloud_fil": ["X", "2", "X", "X", "0", "9", "X", "9", "X", "1"], "final": "X280094971", "total_time": 20.24394702911377, "bing_fil": ["X", "X", "8", "0", "X", "X", "X", "X", "7", "1"], "houndify": ["X", "X", "X", "X", "X", "X", "X", "X", "X", "X"], "wit_fil": ["X", "2", "8", "X", "9", "9", "4", "X", "7", "1"], "googleCloud": ["X", "two", "X", "bear", "zero", "nine", "X", "nine", "X", "one"], "sphinx": ["huh", "two", "hey", "well", "get out", "nine", "oh", "then", "i'd in", "one"], "ibm": ["X", "to", "a", "no", "yeah", "nine", "or", "Ron", "seven", "one"], "google_fil": ["X", "X", "X", "X", "X", "X", "X", "X", "X", "1"], "bing": ["X", "X", "hey", "yeah", "X", "X", "X", "X", "seven", "one"], "ibm_fil": ["X", "2", "8", "9", "0", "9", "4", "X", "7", "1"], "houndify_fil": ["X", "X", "X", "X", "X", "X", "X", "X", "X", "X"]}