{"bing_fil": ["X", "1", "X", "4", "5", "4", "X", "X", "2", "X"], "google": ["fight", "1", "X", "X", "X", "X", "X", "5", "X", "X"], "sphinx": ["i", "god and", "or", "and your", "all right", "pull up", "why", "ah", "two", "hey"], "ibm": ["I", "one", "or", "or", "right", "for", "one", "by", "through", "we"], "google_fil": ["X", "1", "X", "X", "X", "X", "X", "5", "X", "X"], "wit": ["", "one", "or", "four", "five", "", "one", "five", "two", "three"], "bing": ["find", "one", "X", "four", "five", "four", "X", "X", "two", "X"], "sphinx_fil": ["X", "X", "X", "X", "X", "X", "X", "X", "2", "X"], "googleCloud_fil": ["5", "1", "X", "4", "5", "4", "1", "5", "2", "2"], "wit_fil": ["X", "1", "X", "4", "5", "X", "1", "5", "2", "3"], "ibm_fil": ["X", "1", "X", "X", "X", "4", "1", "X", "X", "X"], "final": "X1XXXXX52X", "googleCloud": ["five", "one", "X", "four", "five", "four", "one", "five", "two", "two"]}