{"google": ["fight", "1", "X", "X", "X", "X", "X", "5", "X", "X"], "sphinx_fil": ["X", "X", "4", "X", "X", "X", "X", "X", "2", "8"], "wit": ["", "one", "or", "four", "five", "", "one", "five", "two", "three"], "time3": 3.0739030838012695, "time8": 1.8505940437316895, "time9": 3.1267781257629395, "time4": 2.570107936859131, "time5": 2.0823049545288086, "time6": 2.247629165649414, "time7": 1.7608609199523926, "time0": 2.594364881515503, "time1": 2.514969825744629, "time2": 1.891113042831421, "googleCloud_fil": ["5", "1", "X", "4", "5", "4", "1", "5", "2", "2"], "final": "5144541522", "total_time": 23.91166591644287, "bing_fil": ["X", "1", "X", "4", "5", "4", "X", "X", "2", "X"], "houndify": ["X", "X", "X", "X", "X", "X", "X", "X", "X", "X"], "wit_fil": ["X", "1", "4", "4", "5", "X", "1", "5", "2", "3"], "googleCloud": ["five", "one", "X", "four", "five", "four", "one", "five", "two", "two"], "sphinx": ["i", "god and", "or", "and your", "all right", "pull up", "why", "ah", "two", "hey"], "ibm": ["I", "one", "or", "or", "right", "for", "one", "by", "through", "we"], "google_fil": ["5", "1", "X", "X", "X", "X", "X", "5", "X", "X"], "bing": ["find", "one", "X", "four", "five", "four", "X", "X", "two", "X"], "ibm_fil": ["X", "1", "4", "4", "X", "4", "1", "X", "X", "X"], "houndify_fil": ["X", "X", "X", "X", "X", "X", "X", "X", "X", "X"]}