{"bing_fil": ["5", "11", null, "44", "55", "44", null, null, "22", null], "google": ["fight", "1", "X", "X", "X", "X", "X", "5", "X", "X"], "sphinx": ["i", "god and", "or", "and your", "all right", "pull up", "why", "ah", "two", "hey"], "ibm": ["I", "one", "or", "or", "right", "for", "one", "by", "through", "we"], "google_fil": ["5", "11", null, null, null, null, null, "55", null, null], "wit": ["", "one", "or", "four", "five", "", "one", "five", "two", "three"], "bing": ["find", "one", "X", "four", "five", "four", "X", "X", "two", "X"], "sphinx_fil": ["59", null, "44", null, null, null, "5", null, "22", "8"], "googleCloud_fil": ["55", "11", null, "44", "55", "44", "11", "55", "22", "22"], "wit_fil": [null, "11", "44", "44", "55", null, "11", "55", "22", "33"], "ibm_fil": ["59", "11", "44", "44", null, "44", "11", "59", null, "33"], "final": "5144541523", "googleCloud": ["five", "one", "X", "four", "five", "four", "one", "five", "two", "two"]}