{"bing_fil": [null, "6666", "22", "4", null, "44", null, null, "77", null], "google": ["X", "X", "X", "1", "X", "X", "3", "X", "7", "X"], "sphinx": ["good one", "good", "two", "why", "i do", "pull up", "really", "he what kind", "and then", "but"], "ibm": ["there", "great", "to", "one", "crew", "or", "we", "eight", "X", "X"], "google_fil": [null, null, null, "11", null, null, "33", null, "77", null], "wit": ["where do", "set", "two", "one", "who", "four", "three", "", "seven", "six"], "bing": ["X", "sex", "two", "porn", "poop", "four", "X", "eat", "seven", "X"], "sphinx_fil": [null, null, "22", "5", "2", null, "3", null, null, null], "googleCloud_fil": ["44", null, null, "11", null, "44", "33", "888", "77", null], "wit_fil": ["2", "6666", "22", "11", "22", "44", "33", null, "77", "6666"], "ibm_fil": [null, null, "22", "11", "2", "44", "33", "888", null, null], "final": "4621243876", "googleCloud": ["four", "X", "X", "one", "X", "four", "three", "eight", "seven", "X"]}