{"bing_fil": ["X", "X", "2", "X", "X", "4", "X", "X", "7", "X"], "google": ["X", "X", "X", "1", "X", "X", "3", "X", "7", "X"], "sphinx": ["good one", "good", "two", "why", "i do", "pull up", "really", "he what kind", "and then", "but"], "ibm": ["there", "great", "to", "one", "crew", "or", "we", "eight", "X", "X"], "google_fil": ["X", "X", "X", "1", "X", "X", "3", "X", "7", "X"], "wit": ["where do", "set", "two", "one", "who", "four", "three", "", "seven", "six"], "bing": ["X", "sex", "two", "porn", "poop", "four", "X", "eat", "seven", "X"], "sphinx_fil": ["X", "X", "2", "X", "X", "X", "X", "X", "X", "X"], "googleCloud_fil": ["4", "X", "X", "1", "X", "4", "3", "8", "7", "X"], "wit_fil": ["X", "X", "2", "1", "X", "4", "3", "X", "7", "6"], "ibm_fil": ["X", "X", "2", "1", "X", "X", "X", "8", "X", "X"], "final": "XX21XX3X7X", "googleCloud": ["four", "X", "X", "one", "X", "four", "three", "eight", "seven", "X"]}