{"google": ["X", "X", "X", "1", "X", "X", "3", "X", "7", "X"], "sphinx_fil": ["1", "X", "2", "X", "2", "X", "X", "X", "X", "X"], "wit": ["where do", "set", "two", "one", "who", "four", "three", "", "seven", "six"], "time3": 4.182928085327148, "time8": 2.303842067718506, "time9": 4.970021963119507, "time4": 5.786563873291016, "time5": 5.471293926239014, "time6": 5.93137788772583, "time7": 4.4053919315338135, "time0": 3.1489109992980957, "time1": 3.7459280490875244, "time2": 2.679147958755493, "googleCloud_fil": ["4", "X", "X", "1", "X", "4", "3", "8", "7", "X"], "final": "4621243876", "total_time": 42.89682102203369, "bing_fil": ["X", "6", "2", "X", "X", "4", "X", "X", "7", "X"], "houndify": ["X", "X", "X", "X", "X", "X", "X", "X", "X", "X"], "wit_fil": ["2", "6", "2", "1", "2", "4", "3", "X", "7", "6"], "googleCloud": ["four", "X", "X", "one", "X", "four", "three", "eight", "seven", "X"], "sphinx": ["good one", "good", "two", "why", "i do", "pull up", "really", "he what kind", "and then", "but"], "ibm": ["there", "great", "to", "one", "crew", "or", "we", "eight", "X", "X"], "google_fil": ["X", "X", "X", "1", "X", "X", "3", "X", "7", "X"], "bing": ["X", "sex", "two", "porn", "poop", "four", "X", "eat", "seven", "X"], "ibm_fil": ["X", "X", "2", "1", "2", "4", "X", "8", "X", "X"], "houndify_fil": ["X", "X", "X", "X", "X", "X", "X", "X", "X", "X"]}