{"bing_fil": ["11", null, "77", "11", null, "99", "33", "00", null, "9"], "google": ["1", "6", "X", "X", "X", "X", "3", "0", "X", "X"], "sphinx": ["why", "good", "that and", "one", "do you know", "brian", "really", "hello", "lou", "no"], "ibm": ["one", "it", "that one", "one", "X", "right", "re", "zero", "so", "X"], "google_fil": ["11", "6666", null, null, null, null, "33", "00", null, null], "wit": ["one", "", "seven", "one", "", "nine", "three", "", "turn", "hello"], "bing": ["one", "fix", "seven", "one", "X", "nine", "three", "zero", "X", "no"], "sphinx_fil": ["5", null, null, "11", null, "9", "3", "20", "2", "9"], "googleCloud_fil": ["11", "6666", "77", "11", null, "99", "33", "00", null, null], "wit_fil": ["11", null, "77", "11", null, "99", "33", null, null, "20"], "ibm_fil": ["11", "68", null, "11", null, null, null, "00", "2", null], "final": "1671X93029", "googleCloud": ["one", "six", "seven", "one", "X", "nine", "three", "zero", "X", "X"]}