{"google": ["1", "6", "X", "X", "X", "X", "3", "0", "X", "X"], "sphinx_fil": ["X", "X", "X", "1", "X", "9", "X", "0", "X", "9"], "wit": ["one", "", "seven", "one", "", "nine", "three", "", "turn", "hello"], "time3": 1.4788539409637451, "time8": 1.9813120365142822, "time9": 1.93495512008667, "time4": 3.1483280658721924, "time5": 1.683152198791504, "time6": 1.800847053527832, "time7": 2.086527109146118, "time0": 2.1965219974517822, "time1": 3.1168289184570312, "time2": 2.0131168365478516, "googleCloud_fil": ["1", "6", "7", "1", "X", "9", "3", "0", "X", "X"], "final": "1671X930X9", "total_time": 21.602494955062866, "bing_fil": ["1", "6", "7", "1", "X", "9", "3", "0", "X", "9"], "houndify": ["X", "X", "X", "X", "X", "X", "X", "X", "X", "X"], "wit_fil": ["1", "X", "7", "1", "X", "9", "3", "X", "X", "0"], "googleCloud": ["one", "six", "seven", "one", "X", "nine", "three", "zero", "X", "X"], "sphinx": ["why", "good", "that and", "one", "do you know", "brian", "really", "hello", "lou", "no"], "ibm": ["one", "it", "that one", "one", "X", "right", "re", "zero", "so", "X"], "google_fil": ["1", "6", "X", "X", "X", "X", "3", "0", "X", "X"], "bing": ["one", "fix", "seven", "one", "X", "nine", "three", "zero", "X", "no"], "ibm_fil": ["1", "8", "1", "1", "X", "X", "X", "0", "X", "X"], "houndify_fil": ["X", "X", "X", "X", "X", "X", "X", "X", "X", "X"]}