{"bing_fil": ["1", "X", "7", "1", "X", "9", "3", "0", "X", "X"], "google": ["1", "6", "X", "X", "X", "X", "3", "0", "X", "X"], "sphinx": ["why", "good", "that and", "one", "do you know", "brian", "really", "hello", "lou", "no"], "ibm": ["one", "it", "that one", "one", "X", "right", "re", "zero", "so", "X"], "google_fil": ["1", "6", "X", "X", "X", "X", "3", "0", "X", "X"], "wit": ["one", "", "seven", "one", "", "nine", "three", "", "turn", "hello"], "bing": ["one", "fix", "seven", "one", "X", "nine", "three", "zero", "X", "no"], "sphinx_fil": ["X", "X", "X", "1", "X", "X", "X", "X", "X", "X"], "googleCloud_fil": ["1", "6", "7", "1", "X", "9", "3", "0", "X", "X"], "wit_fil": ["1", "X", "7", "1", "X", "9", "3", "X", "X", "X"], "ibm_fil": ["1", "X", "X", "1", "X", "X", "X", "0", "X", "X"], "final": "1XX1XX30XX", "googleCloud": ["one", "six", "seven", "one", "X", "nine", "three", "zero", "X", "X"]}