{"bing_fil": ["9", "X", "X", "X", "X", "X", "9", "X", "0", "X"], "google": ["9", "1", "X", "X", "9", "find", "9", "X", "X", "X"], "sphinx": ["now i", "why", "you know", "why", "no i", "hi", "now lying", "then", "you know", "no i"], "ibm": ["nine", "one", "you know", "I", "nine", "I", "yeah I", "that", "zero", "no"], "google_fil": ["9", "1", "X", "X", "9", "X", "9", "X", "X", "X"], "wit": ["nine", "one", "no", "alright", "nine", "hi", "", "", "zero", "nine"], "bing": ["nine", "fun", "girl", "X", "no", "find", "nine", "X", "zero", "X"], "sphinx_fil": ["X", "X", "X", "X", "X", "X", "X", "X", "X", "X"], "googleCloud_fil": ["9", "1", "X", "X", "9", "5", "9", "X", "X", "X"], "wit_fil": ["9", "1", "X", "X", "9", "X", "X", "X", "0", "9"], "ibm_fil": ["9", "1", "X", "X", "9", "X", "X", "X", "0", "X"], "final": "91XX9X9XXX", "googleCloud": ["nine", "one", "X", "X", "nine", "five", "nine", "X", "X", "X"]}