{"google": ["9", "1", "X", "X", "9", "find", "9", "X", "X", "X"], "sphinx_fil": ["X", "X", "0", "X", "9", "X", "X", "X", "0", "9"], "wit": ["nine", "one", "no", "alright", "nine", "hi", "", "", "zero", "nine"], "time3": 3.4871060848236084, "time8": 6.423894882202148, "time9": 2.1918458938598633, "time4": 1.6914620399475098, "time5": 2.4104011058807373, "time6": 1.7705190181732178, "time7": 2.1831278800964355, "time0": 1.5673720836639404, "time1": 2.0960021018981934, "time2": 2.0877768993377686, "googleCloud_fil": ["9", "1", "X", "X", "9", "5", "9", "X", "X", "X"], "final": "910X959X09", "total_time": 26.10269808769226, "bing_fil": ["9", "1", "0", "X", "9", "X", "9", "X", "0", "X"], "houndify": ["X", "X", "X", "X", "X", "X", "X", "X", "X", "X"], "wit_fil": ["9", "1", "9", "X", "9", "X", "X", "X", "0", "9"], "googleCloud": ["nine", "one", "X", "X", "nine", "five", "nine", "X", "X", "X"], "sphinx": ["now i", "why", "you know", "why", "no i", "hi", "now lying", "then", "you know", "no i"], "ibm": ["nine", "one", "you know", "I", "nine", "I", "yeah I", "that", "zero", "no"], "google_fil": ["9", "1", "X", "X", "9", "X", "9", "X", "X", "X"], "bing": ["nine", "fun", "girl", "X", "no", "find", "nine", "X", "zero", "X"], "ibm_fil": ["9", "1", "0", "X", "9", "X", "X", "X", "0", "9"], "houndify_fil": ["X", "X", "X", "X", "X", "X", "X", "X", "X", "X"]}