{"bing_fil": ["99", "1", "0", null, "9", "5", "99", null, "00", null], "google": ["9", "1", "X", "X", "9", "find", "9", "X", "X", "X"], "sphinx": ["now i", "why", "you know", "why", "no i", "hi", "now lying", "then", "you know", "no i"], "ibm": ["nine", "one", "you know", "I", "nine", "I", "yeah I", "that", "zero", "no"], "google_fil": ["99", "11", null, null, "99", "5", "99", null, null, null], "wit": ["nine", "one", "no", "alright", "nine", "hi", "", "", "zero", "nine"], "bing": ["nine", "fun", "girl", "X", "no", "find", "nine", "X", "zero", "X"], "sphinx_fil": ["9", "5", "0", "5", "9", "59", null, "8", "0", "9"], "googleCloud_fil": ["99", "11", null, null, "99", "55", "99", null, null, null], "wit_fil": ["99", "11", "9", null, "99", "59", null, null, "00", "99"], "ibm_fil": ["99", "11", "0", "59", "99", "59", "9", null, "00", "9"], "final": "9105959809", "googleCloud": ["nine", "one", "X", "X", "nine", "five", "nine", "X", "X", "X"]}