{"bing_fil": [null, null, "22", "888", "00", "77", "55", "0", "44", "2"], "google": ["X", "X", "X", "X", "0", "7", "5", "X", "4", "X"], "sphinx": ["hey", "do you know", "you", "eight", "the tale", "but then", "i have", "good", "lawyer", "hey lou"], "ibm": ["a", "zero", "to", "eight", "there", "yeah", "I", "yeah", "or", "there"], "google_fil": [null, null, null, null, "00", "77", "55", null, "44", null], "wit": ["", "", "who", "", "is there", "seven", "hi", "", "four", "who"], "bing": ["anything", "X", "two", "eight", "zero", "seven", "five", "yeah", "four", "do"], "sphinx_fil": ["8", null, "2", "888", null, null, null, null, null, null], "googleCloud_fil": [null, "00", "22", null, "00", "77", "55", null, "44", "22"], "wit_fil": [null, null, "22", null, null, "77", "59", null, "44", "22"], "ibm_fil": ["8", "00", "22", "888", null, "0", "59", "0", "44", null], "final": "8028075042", "googleCloud": ["X", "zero", "two", "X", "zero", "seven", "five", "X", "four", "two"]}