{"google": ["X", "X", "X", "X", "0", "7", "5", "X", "4", "X"], "sphinx_fil": ["8", "X", "X", "8", "X", "X", "X", "X", "X", "X"], "wit": ["", "", "who", "", "is there", "seven", "hi", "", "four", "who"], "time3": 1.5905630588531494, "time8": 1.9255897998809814, "time9": 1.7066268920898438, "time4": 2.233215093612671, "time5": 2.3924620151519775, "time6": 3.117785930633545, "time7": 3.3156490325927734, "time0": 2.0100369453430176, "time1": 17.257143020629883, "time2": 2.7778689861297607, "googleCloud_fil": ["X", "0", "2", "X", "0", "7", "5", "X", "4", "2"], "final": "8028075042", "total_time": 38.523561000823975, "bing_fil": ["X", "X", "2", "8", "0", "7", "5", "0", "4", "2"], "houndify": ["X", "X", "X", "X", "X", "X", "X", "X", "X", "X"], "wit_fil": ["X", "X", "2", "X", "X", "7", "X", "X", "4", "2"], "googleCloud": ["X", "zero", "two", "X", "zero", "seven", "five", "X", "four", "two"], "sphinx": ["hey", "do you know", "you", "eight", "the tale", "but then", "i have", "good", "lawyer", "hey lou"], "ibm": ["a", "zero", "to", "eight", "there", "yeah", "I", "yeah", "or", "there"], "google_fil": ["X", "X", "X", "X", "0", "7", "5", "X", "4", "X"], "bing": ["anything", "X", "two", "eight", "zero", "seven", "five", "yeah", "four", "do"], "ibm_fil": ["8", "0", "2", "8", "X", "0", "X", "0", "4", "X"], "houndify_fil": ["X", "X", "X", "X", "X", "X", "X", "X", "X", "X"]}