{"bing_fil": ["X", "X", "2", "8", "0", "7", "5", "X", "4", "X"], "google": ["X", "X", "X", "X", "0", "7", "5", "X", "4", "X"], "sphinx": ["hey", "do you know", "you", "eight", "the tale", "but then", "i have", "good", "lawyer", "hey lou"], "ibm": ["a", "zero", "to", "eight", "there", "yeah", "I", "yeah", "or", "there"], "google_fil": ["X", "X", "X", "X", "0", "7", "5", "X", "4", "X"], "wit": ["", "", "who", "", "is there", "seven", "hi", "", "four", "who"], "bing": ["anything", "X", "two", "eight", "zero", "seven", "five", "yeah", "four", "do"], "sphinx_fil": ["X", "X", "X", "8", "X", "X", "X", "X", "X", "X"], "googleCloud_fil": ["X", "0", "2", "X", "0", "7", "5", "X", "4", "2"], "wit_fil": ["X", "X", "X", "X", "X", "7", "X", "X", "4", "X"], "ibm_fil": ["X", "0", "2", "8", "X", "X", "X", "X", "X", "X"], "final": "XXXX075X4X", "googleCloud": ["X", "zero", "two", "X", "zero", "seven", "five", "X", "four", "two"]}