{"google": ["7", "X", "X", "fun", "not", "X", "X", "1", "X", "7"], "sphinx_fil": ["X", "4", "1", "X", "X", "X", "X", "0", "7", "8"], "wit": ["", "four", "", "one", "not", "okay", "hi", "", "", "sorry"], "time3": 2.2429230213165283, "time8": 2.9372239112854004, "time9": 3.7390389442443848, "time4": 3.764662027359009, "time5": 2.3523712158203125, "time6": 2.2762539386749268, "time7": 2.6905767917633057, "time0": 3.59517502784729, "time1": 1.9188289642333984, "time2": 1.9201688766479492, "googleCloud_fil": ["7", "X", "9", "1", "9", "X", "X", "1", "7", "7"], "final": "74919XX177", "total_time": 27.89795708656311, "bing_fil": ["7", "4", "9", "X", "9", "X", "X", "1", "7", "7"], "houndify": ["X", "X", "X", "X", "X", "X", "X", "X", "X", "X"], "wit_fil": ["X", "4", "X", "1", "X", "X", "X", "X", "X", "X"], "googleCloud": ["seven", "X", "nine", "one", "nine", "X", "X", "one", "seven", "seven"], "sphinx": ["then", "or", "none", "why", "not", "uh", "by whom", "you know", "i haven't", "they"], "ibm": ["that", "or", "nine", "one", "X", "X", "I", "one", "I have a", "Saturday"], "google_fil": ["7", "X", "X", "1", "X", "X", "X", "1", "X", "7"], "bing": ["seven", "four", "no", "porn", "no", "X", "i", "one", "seven", "seven"], "ibm_fil": ["X", "4", "9", "1", "X", "X", "X", "1", "X", "X"], "houndify_fil": ["X", "X", "X", "X", "X", "X", "X", "X", "X", "X"]}