{"bing_fil": ["77", "44", "9", "4", "9", null, "59", "11", "77", "77"], "google": ["7", "X", "X", "fun", "not", "X", "X", "1", "X", "7"], "sphinx": ["then", "or", "none", "why", "not", "uh", "by whom", "you know", "i haven't", "they"], "ibm": ["that", "or", "nine", "one", "X", "X", "I", "one", "I have a", "Saturday"], "google_fil": ["77", null, null, "1", null, null, null, "11", null, "77"], "wit": ["", "four", "", "one", "not", "okay", "hi", "", "", "sorry"], "bing": ["seven", "four", "no", "porn", "no", "X", "i", "one", "seven", "seven"], "sphinx_fil": ["8", "44", "9", "5", null, null, null, "0", "7", "8"], "googleCloud_fil": ["77", null, "99", "11", "99", null, null, "11", "77", "77"], "wit_fil": [null, "44", null, "11", null, null, "59", null, null, null], "ibm_fil": [null, "44", "99", "11", null, null, "59", "11", null, null], "final": "74919X5177", "googleCloud": ["seven", "X", "nine", "one", "nine", "X", "X", "one", "seven", "seven"]}