{"bing_fil": ["7", "4", "X", "X", "X", "X", "X", "1", "7", "7"], "google": ["7", "X", "X", "fun", "not", "X", "X", "1", "X", "7"], "sphinx": ["then", "or", "none", "why", "not", "uh", "by whom", "you know", "i haven't", "they"], "ibm": ["that", "or", "nine", "one", "X", "X", "I", "one", "I have a", "Saturday"], "google_fil": ["7", "X", "X", "X", "X", "X", "X", "1", "X", "7"], "wit": ["", "four", "", "one", "not", "okay", "hi", "", "", "sorry"], "bing": ["seven", "four", "no", "porn", "no", "X", "i", "one", "seven", "seven"], "sphinx_fil": ["X", "X", "X", "X", "X", "X", "X", "X", "X", "X"], "googleCloud_fil": ["7", "X", "9", "1", "9", "X", "X", "1", "7", "7"], "wit_fil": ["X", "4", "X", "1", "X", "X", "X", "X", "X", "X"], "ibm_fil": ["X", "X", "9", "1", "X", "X", "X", "1", "X", "X"], "final": "7XXXXXX1X7", "googleCloud": ["seven", "X", "nine", "one", "nine", "X", "X", "one", "seven", "seven"]}