{"bing_fil": ["8", "8", "8", "4", "1", "X", "1", "X", "7", "X"], "google": ["8", "8", "X", "X", "wife", "free", "line", "X", "7", "X"], "sphinx": ["a", "they are", "a", "they are", "why are you", "really", "warren", "later on", "then then", "hooray"], "ibm": ["eight", "eight", "eight", "or", "one", "really", "why", "great", "every", "we"], "google_fil": ["8", "8", "X", "X", "X", "X", "X", "X", "7", "X"], "wit": ["and", "hey", "", "four", "one", "three", "one", "three", "seven", "three"], "bing": ["eight", "eight", "eight", "four", "one", "re", "one", "green", "seven", "really"], "sphinx_fil": ["X", "X", "X", "X", "X", "X", "X", "X", "X", "X"], "googleCloud_fil": ["8", "8", "X", "4", "1", "3", "1", "3", "7", "3"], "wit_fil": ["X", "X", "X", "4", "1", "3", "1", "3", "7", "3"], "ibm_fil": ["8", "8", "8", "X", "1", "X", "X", "X", "X", "X"], "final": "88XX1XXX7X", "googleCloud": ["eight", "eight", "X", "four", "one", "three", "one", "three", "seven", "three"]}