{"google": ["8", "8", "X", "X", "wife", "free", "line", "X", "7", "X"], "sphinx_fil": ["8", "X", "8", "X", "X", "X", "X", "8", "X", "X"], "wit": ["and", "hey", "", "four", "one", "three", "one", "three", "seven", "three"], "time3": 2.165309190750122, "time8": 2.2812719345092773, "time9": 4.021078109741211, "time4": 3.4826059341430664, "time5": 5.704452037811279, "time6": 4.3505470752716064, "time7": 2.4448139667510986, "time0": 1.8797211647033691, "time1": 2.891505002975464, "time2": 3.0765469074249268, "googleCloud_fil": ["8", "8", "X", "4", "1", "3", "1", "3", "7", "3"], "final": "8884131373", "total_time": 32.50308609008789, "bing_fil": ["8", "8", "8", "4", "1", "X", "1", "3", "7", "X"], "houndify": ["X", "X", "X", "X", "X", "X", "X", "X", "X", "X"], "wit_fil": ["X", "8", "X", "4", "1", "3", "1", "3", "7", "3"], "googleCloud": ["eight", "eight", "X", "four", "one", "three", "one", "three", "seven", "three"], "sphinx": ["a", "they are", "a", "they are", "why are you", "really", "warren", "later on", "then then", "hooray"], "ibm": ["eight", "eight", "eight", "or", "one", "really", "why", "great", "every", "we"], "google_fil": ["8", "8", "X", "X", "X", "3", "9", "X", "7", "X"], "bing": ["eight", "eight", "eight", "four", "one", "re", "one", "green", "seven", "really"], "ibm_fil": ["8", "8", "8", "4", "1", "X", "X", "X", "X", "X"], "houndify_fil": ["X", "X", "X", "X", "X", "X", "X", "X", "X", "X"]}