{"bing_fil": ["888", "888", "888", "44", "11", null, "11", "3", "77", "3"], "google": ["8", "8", "X", "X", "wife", "free", "line", "X", "7", "X"], "sphinx": ["a", "they are", "a", "they are", "why are you", "really", "warren", "later on", "then then", "hooray"], "ibm": ["eight", "eight", "eight", "or", "one", "really", "why", "great", "every", "we"], "google_fil": ["888", "888", null, null, null, "33", "9", null, "77", null], "wit": ["and", "hey", "", "four", "one", "three", "one", "three", "seven", "three"], "bing": ["eight", "eight", "eight", "four", "one", "re", "one", "green", "seven", "really"], "sphinx_fil": ["8", null, "8", null, null, "3", null, "8", null, "4"], "googleCloud_fil": ["888", "888", null, "44", "11", "33", "11", "33", "77", "33"], "wit_fil": [null, "8", null, "44", "11", "33", "11", "33", "77", "33"], "ibm_fil": ["888", "888", "888", "44", "11", "3", "5", null, null, "33"], "final": "8884131373", "googleCloud": ["eight", "eight", "X", "four", "one", "three", "one", "three", "seven", "three"]}