{"bing_fil": ["X", "8", "X", "X", "X", "1", "X", "X", "6", "1"], "google": ["X", "X", "X", "X", "X", "1", "X", "7", "X", "1"], "sphinx": ["they are", "good", "none", "a hero", "denying", "one", "cooler", "and then", "good", "don"], "ibm": ["for", "X", "nine", "zero", "nine", "what", "or", "that", "it", "one"], "google_fil": ["X", "X", "X", "X", "X", "1", "X", "7", "X", "1"], "wit": ["four", "", "three", "", "you're fine", "one", "four", "seven", "", "one"], "bing": ["X", "eight", "i'm", "euro", "night", "one", "or", "X", "six", "one"], "sphinx_fil": ["X", "X", "X", "X", "X", "1", "X", "X", "X", "X"], "googleCloud_fil": ["X", "X", "9", "0", "X", "1", "X", "7", "X", "1"], "wit_fil": ["4", "X", "3", "X", "X", "1", "4", "7", "X", "1"], "ibm_fil": ["4", "X", "9", "0", "9", "X", "X", "X", "X", "1"], "final": "XXXXX1X7X1", "googleCloud": ["X", "X", "nine", "zero", "X", "one", "X", "seven", "X", "one"]}