{"bing_fil": [null, "888", "9", "0", "9", "11", "44", null, "6666", "11"], "google": ["X", "X", "X", "X", "X", "1", "X", "7", "X", "1"], "sphinx": ["they are", "good", "none", "a hero", "denying", "one", "cooler", "and then", "good", "don"], "ibm": ["for", "X", "nine", "zero", "nine", "what", "or", "that", "it", "one"], "google_fil": [null, null, null, null, null, "11", null, "77", null, "11"], "wit": ["four", "", "three", "", "you're fine", "one", "four", "seven", "", "one"], "bing": ["X", "eight", "i'm", "euro", "night", "one", "or", "X", "six", "one"], "sphinx_fil": [null, null, "9", "0", null, "11", null, null, null, null], "googleCloud_fil": [null, null, "99", "00", null, "11", null, "77", null, "11"], "wit_fil": ["44", null, "33", null, "9", "11", "44", "77", null, "11"], "ibm_fil": ["44", null, "99", "00", "99", null, "44", null, "68", "11"], "final": "4890914761", "googleCloud": ["X", "X", "nine", "zero", "X", "one", "X", "seven", "X", "one"]}