{"google": ["X", "X", "X", "X", "X", "1", "X", "7", "X", "1"], "sphinx_fil": ["X", "X", "1", "0", "X", "1", "X", "X", "X", "X"], "wit": ["four", "", "three", "", "you're fine", "one", "four", "seven", "", "one"], "time3": 2.8696038722991943, "time8": 2.9350130558013916, "time9": 2.487185001373291, "time4": 1.9029719829559326, "time5": 1.8041529655456543, "time6": 1.953359842300415, "time7": 2.0783169269561768, "time0": 2.6022911071777344, "time1": 2.336348056793213, "time2": 1.9624409675598145, "googleCloud_fil": ["X", "X", "9", "0", "X", "1", "X", "7", "X", "1"], "final": "4890914761", "total_time": 23.115514993667603, "bing_fil": ["X", "8", "X", "0", "9", "1", "4", "X", "6", "1"], "houndify": ["X", "X", "X", "X", "X", "X", "X", "X", "X", "X"], "wit_fil": ["4", "X", "3", "X", "9", "1", "4", "7", "X", "1"], "googleCloud": ["X", "X", "nine", "zero", "X", "one", "X", "seven", "X", "one"], "sphinx": ["they are", "good", "none", "a hero", "denying", "one", "cooler", "and then", "good", "don"], "ibm": ["for", "X", "nine", "zero", "nine", "what", "or", "that", "it", "one"], "google_fil": ["X", "X", "X", "X", "X", "1", "X", "7", "X", "1"], "bing": ["X", "eight", "i'm", "euro", "night", "one", "or", "X", "six", "one"], "ibm_fil": ["4", "X", "9", "0", "9", "X", "4", "X", "8", "1"], "houndify_fil": ["X", "X", "X", "X", "X", "X", "X", "X", "X", "X"]}