{"google": ["X", "1", "X", "fun", "7", "or", "0", "X", "Aaron", "X"], "sphinx_fil": ["X", "1", "X", "X", "X", "X", "X", "X", "7", "X"], "wit": ["", "one", "three", "one", "seven", "four", "zero", "five", "", ""], "time3": 2.870081901550293, "time8": 3.4258179664611816, "time9": 5.474778890609741, "time4": 2.0840048789978027, "time5": 2.224608898162842, "time6": 1.7947180271148682, "time7": 1.9851288795471191, "time0": 4.282562017440796, "time1": 4.7558698654174805, "time2": 5.078015089035034, "googleCloud_fil": ["8", "1", "3", "1", "7", "4", "0", "X", "7", "X"], "final": "813174057X", "total_time": 34.71994209289551, "bing_fil": ["8", "1", "3", "1", "7", "4", "0", "X", "X", "X"], "houndify": ["X", "X", "X", "X", "X", "X", "X", "X", "X", "X"], "wit_fil": ["X", "1", "3", "1", "7", "4", "0", "5", "X", "X"], "googleCloud": ["eight", "one", "three", "one", "seven", "four", "zero", "X", "seven", "X"], "sphinx": ["good", "one", "why", "why", "then", "the", "you're a", "bye", "they haven't", "i am"], "ibm": ["it would", "one", "great", "one", "that", "or", "zero", "I", "Allen", "I don't know"], "google_fil": ["X", "1", "X", "1", "7", "4", "0", "X", "X", "X"], "bing": ["it", "one", "three", "one", "seven", "four", "zero", "find", "X", "X"], "ibm_fil": ["X", "1", "X", "1", "X", "4", "0", "X", "7", "X"], "houndify_fil": ["X", "X", "X", "X", "X", "X", "X", "X", "X", "X"]}