{"bing_fil": ["X", "1", "3", "1", "7", "4", "0", "X", "X", "X"], "google": ["X", "1", "X", "fun", "7", "or", "0", "X", "Aaron", "X"], "sphinx": ["good", "one", "why", "why", "then", "the", "you're a", "bye", "they haven't", "i am"], "ibm": ["it would", "one", "great", "one", "that", "or", "zero", "I", "Allen", "I don't know"], "google_fil": ["X", "1", "X", "X", "7", "X", "0", "X", "X", "X"], "wit": ["", "one", "three", "one", "seven", "four", "zero", "five", "", ""], "bing": ["it", "one", "three", "one", "seven", "four", "zero", "find", "X", "X"], "sphinx_fil": ["X", "1", "X", "X", "X", "X", "X", "X", "X", "X"], "googleCloud_fil": ["8", "1", "3", "1", "7", "4", "0", "X", "7", "X"], "wit_fil": ["X", "1", "3", "1", "7", "4", "0", "5", "X", "X"], "ibm_fil": ["X", "1", "X", "1", "X", "X", "0", "X", "X", "X"], "final": "X1X17X0XXX", "googleCloud": ["eight", "one", "three", "one", "seven", "four", "zero", "X", "seven", "X"]}