{"bing_fil": ["68", "11", "33", "11", "77", "44", "00", "5", null, null], "google": ["X", "1", "X", "fun", "7", "or", "0", "X", "Aaron", "X"], "sphinx": ["good", "one", "why", "why", "then", "the", "you're a", "bye", "they haven't", "i am"], "ibm": ["it would", "one", "great", "one", "that", "or", "zero", "I", "Allen", "I don't know"], "google_fil": [null, "11", null, "1", "77", "44", "00", null, null, null], "wit": ["", "one", "three", "one", "seven", "four", "zero", "five", "", ""], "bing": ["it", "one", "three", "one", "seven", "four", "zero", "find", "X", "X"], "sphinx_fil": [null, "11", "5", "5", "8", null, null, "59", "7", null], "googleCloud_fil": ["888", "11", "33", "11", "77", "44", "00", null, "77", null], "wit_fil": [null, "11", "33", "11", "77", "44", "00", "55", null, null], "ibm_fil": [null, "11", null, "11", null, "44", "00", "59", "7", null], "final": "813174057X", "googleCloud": ["eight", "one", "three", "one", "seven", "four", "zero", "X", "seven", "X"]}