{"google": ["X", "X", "7", "X", "X", "X", "X", "X", "X", "X"], "sphinx_fil": ["X", "X", "7", "X", "1", "X", "X", "9", "X", "X"], "wit": ["five", "", "seven", "yeah", "one", "", "", "why", "set", "i"], "time3": 3.111084222793579, "time8": 4.178273916244507, "time9": 2.124924898147583, "time4": 1.7888879776000977, "time5": 3.077794075012207, "time6": 2.246523857116699, "time7": 2.145905017852783, "time0": 3.5483739376068115, "time1": 2.463622808456421, "time2": 19.735123872756958, "googleCloud_fil": ["X", "X", "7", "X", "1", "X", "X", "X", "X", "5"], "final": "52701X4575", "total_time": 44.60876798629761, "bing_fil": ["5", "X", "X", "9", "1", "X", "4", "5", "7", "X"], "houndify": ["X", "X", "X", "X", "X", "X", "X", "X", "X", "X"], "wit_fil": ["5", "X", "7", "0", "1", "X", "X", "X", "6", "X"], "googleCloud": ["X", "X", "seven", "X", "one", "X", "X", "X", "X", "five"], "sphinx": ["by whom", "hey you", "heaven", "yeah and i", "one", "why", "good", "brian", "headed a u.", "i"], "ibm": ["X", "to", "at", "not", "one", "right", "or", "why", "X", "I"], "google_fil": ["X", "X", "7", "X", "X", "X", "X", "X", "X", "X"], "bing": ["five", "X", "X", "no", "one", "X", "fourth", "five", "seven", "i"], "ibm_fil": ["X", "2", "X", "X", "1", "X", "4", "X", "X", "X"], "houndify_fil": ["X", "X", "X", "X", "X", "X", "X", "X", "X", "X"]}