{"bing_fil": ["5", "X", "X", "X", "1", "X", "X", "5", "7", "X"], "google": ["X", "X", "7", "X", "X", "X", "X", "X", "X", "X"], "sphinx": ["by whom", "hey you", "heaven", "yeah and i", "one", "why", "good", "brian", "headed a u.", "i"], "ibm": ["X", "to", "at", "not", "one", "right", "or", "why", "X", "I"], "google_fil": ["X", "X", "7", "X", "X", "X", "X", "X", "X", "X"], "wit": ["five", "", "seven", "yeah", "one", "", "", "why", "set", "i"], "bing": ["five", "X", "X", "no", "one", "X", "fourth", "five", "seven", "i"], "sphinx_fil": ["X", "X", "X", "X", "1", "X", "X", "X", "X", "X"], "googleCloud_fil": ["X", "X", "7", "X", "1", "X", "X", "X", "X", "5"], "wit_fil": ["5", "X", "7", "X", "1", "X", "X", "X", "X", "X"], "ibm_fil": ["X", "2", "X", "X", "1", "X", "X", "X", "X", "X"], "final": "XX7X1XXXXX", "googleCloud": ["X", "X", "seven", "X", "one", "X", "X", "X", "X", "five"]}