{"bing_fil": ["55", null, null, "9", "11", null, "4", "55", "77", "59"], "google": ["X", "X", "7", "X", "X", "X", "X", "X", "X", "X"], "sphinx": ["by whom", "hey you", "heaven", "yeah and i", "one", "why", "good", "brian", "headed a u.", "i"], "ibm": ["X", "to", "at", "not", "one", "right", "or", "why", "X", "I"], "google_fil": [null, null, "77", null, null, null, null, null, null, null], "wit": ["five", "", "seven", "yeah", "one", "", "", "why", "set", "i"], "bing": ["five", "X", "X", "no", "one", "X", "fourth", "five", "seven", "i"], "sphinx_fil": [null, null, "7", null, "11", "5", null, "9", null, "59"], "googleCloud_fil": [null, null, "77", null, "11", null, null, null, null, "55"], "wit_fil": ["55", null, "77", "0", "11", null, null, "5", "6666", "59"], "ibm_fil": [null, "22", null, null, "11", null, "44", "5", null, "59"], "final": "5270154565", "googleCloud": ["X", "X", "seven", "X", "one", "X", "X", "X", "X", "five"]}