{"bing_fil": ["8", "44", "33", "2", "44", null, "11", "77", "11", "55"], "google": ["X", "4", "3", "X", "X", "X", "Warren", "X", "1", "X"], "sphinx": ["hey", "all i have", "really", "good", "what", "and the", "juan", "that in", "one", "hi"], "ibm": ["every", "for", "really", "you", "for", "X", "why are", "that", "one", "five"], "google_fil": [null, "44", "33", null, null, null, "1", null, "11", null], "wit": ["hey", "boy", "three", "hello", "four", "lol", "one", "seven", "one", ""], "bing": ["hey", "four", "three", "do", "four", "X", "one", "seven", "one", "five"], "sphinx_fil": ["8", null, "3", null, null, null, "1", "7", "11", "59"], "googleCloud_fil": [null, "44", "33", null, null, null, "11", "77", "11", null], "wit_fil": ["8", null, "33", "20", "44", null, "11", "77", "11", null], "ibm_fil": [null, "44", "3", "2", "44", null, null, null, "11", "55"], "final": "84324X1715", "googleCloud": ["X", "four", "three", "X", "X", "X", "one", "seven", "one", "X"]}