{"bing_fil": ["X", "4", "3", "X", "4", "X", "1", "7", "1", "5"], "google": ["X", "4", "3", "X", "X", "X", "Warren", "X", "1", "X"], "sphinx": ["hey", "all i have", "really", "good", "what", "and the", "juan", "that in", "one", "hi"], "ibm": ["every", "for", "really", "you", "for", "X", "why are", "that", "one", "five"], "google_fil": ["X", "4", "3", "X", "X", "X", "X", "X", "1", "X"], "wit": ["hey", "boy", "three", "hello", "four", "lol", "one", "seven", "one", ""], "bing": ["hey", "four", "three", "do", "four", "X", "one", "seven", "one", "five"], "sphinx_fil": ["X", "X", "X", "X", "X", "X", "X", "X", "1", "X"], "googleCloud_fil": ["X", "4", "3", "X", "X", "X", "1", "7", "1", "X"], "wit_fil": ["X", "X", "3", "X", "4", "X", "1", "7", "1", "X"], "ibm_fil": ["X", "4", "X", "X", "4", "X", "X", "X", "1", "5"], "final": "X43XXXXX1X", "googleCloud": ["X", "four", "three", "X", "X", "X", "one", "seven", "one", "X"]}