{"google": ["X", "4", "3", "X", "X", "X", "Warren", "X", "1", "X"], "sphinx_fil": ["8", "X", "X", "X", "X", "X", "1", "X", "1", "X"], "wit": ["hey", "boy", "three", "hello", "four", "lol", "one", "seven", "one", ""], "time3": 2.7140300273895264, "time8": 2.5360939502716064, "time9": 3.549048900604248, "time4": 4.483368158340454, "time5": 9.783066987991333, "time6": 2.250978946685791, "time7": 4.101079940795898, "time0": 2.311034917831421, "time1": 2.77012300491333, "time2": 4.009442090988159, "googleCloud_fil": ["X", "4", "3", "X", "X", "X", "1", "7", "1", "X"], "final": "84304X1715", "total_time": 39.30893802642822, "bing_fil": ["8", "4", "3", "2", "4", "X", "1", "7", "1", "5"], "houndify": ["X", "X", "X", "X", "X", "X", "X", "X", "X", "X"], "wit_fil": ["8", "X", "3", "0", "4", "X", "1", "7", "1", "X"], "googleCloud": ["X", "four", "three", "X", "X", "X", "one", "seven", "one", "X"], "sphinx": ["hey", "all i have", "really", "good", "what", "and the", "juan", "that in", "one", "hi"], "ibm": ["every", "for", "really", "you", "for", "X", "why are", "that", "one", "five"], "google_fil": ["X", "4", "3", "X", "X", "X", "X", "X", "1", "X"], "bing": ["hey", "four", "three", "do", "four", "X", "one", "seven", "one", "five"], "ibm_fil": ["X", "4", "X", "X", "4", "X", "X", "X", "1", "5"], "houndify_fil": ["X", "X", "X", "X", "X", "X", "X", "X", "X", "X"]}