{"bing_fil": [null, "44", "33", "22", "55", "00", "00", "33", "44", null], "google": ["X", "X", "3", "X", "5", "Arrow", "0", "3", "X", "X"], "sphinx": ["one", "laura", "really", "two", "that", "the hero", "bill", "good", "war", "do you know"], "ibm": ["there", "or", "we", "do", "I", "zero", "zero", "three", "for", "they are"], "google_fil": [null, null, "33", null, "55", "0", "00", "33", null, null], "wit": ["where", "", "three", "two", "hi", "hello", "zero", "okay", "one", "you"], "bing": ["X", "four", "three", "who", "five", "zero", "zero", "three", "four", "little"], "sphinx_fil": ["11", null, "3", "22", null, "0", "0", null, null, null], "googleCloud_fil": [null, null, "33", null, "55", "00", "00", "33", null, null], "wit_fil": [null, null, "33", "22", "59", "20", "00", null, "11", "2"], "ibm_fil": [null, "44", "33", "2", "59", "00", "00", "33", "44", null], "final": "1432500342", "googleCloud": ["X", "X", "three", "X", "five", "zero", "zero", "three", "X", "X"]}