{"google": ["X", "X", "3", "X", "5", "Arrow", "0", "3", "X", "X"], "sphinx_fil": ["1", "X", "X", "2", "X", "0", "0", "X", "X", "X"], "wit": ["where", "", "three", "two", "hi", "hello", "zero", "okay", "one", "you"], "time3": 3.1696248054504395, "time8": 5.555535078048706, "time9": 3.6937780380249023, "time4": 3.659271001815796, "time5": 5.351047039031982, "time6": 4.403544187545776, "time7": 6.3209710121154785, "time0": 2.811840057373047, "time1": 5.118946075439453, "time2": 2.495120048522949, "googleCloud_fil": ["X", "X", "3", "X", "5", "0", "0", "3", "X", "X"], "final": "143250034X", "total_time": 43.296924114227295, "bing_fil": ["X", "4", "3", "2", "5", "0", "0", "3", "4", "X"], "houndify": ["X", "X", "X", "X", "X", "X", "X", "X", "X", "X"], "wit_fil": ["X", "X", "3", "2", "X", "0", "0", "X", "1", "X"], "googleCloud": ["X", "X", "three", "X", "five", "zero", "zero", "three", "X", "X"], "sphinx": ["one", "laura", "really", "two", "that", "the hero", "bill", "good", "war", "do you know"], "ibm": ["there", "or", "we", "do", "I", "zero", "zero", "three", "for", "they are"], "google_fil": ["X", "X", "3", "X", "5", "0", "0", "3", "X", "X"], "bing": ["X", "four", "three", "who", "five", "zero", "zero", "three", "four", "little"], "ibm_fil": ["X", "4", "X", "2", "X", "0", "0", "3", "4", "X"], "houndify_fil": ["X", "X", "X", "X", "X", "X", "X", "X", "X", "X"]}