{"bing_fil": ["X", "4", "3", "X", "5", "0", "0", "3", "4", "X"], "google": ["X", "X", "3", "X", "5", "Arrow", "0", "3", "X", "X"], "sphinx": ["one", "laura", "really", "two", "that", "the hero", "bill", "good", "war", "do you know"], "ibm": ["there", "or", "we", "do", "I", "zero", "zero", "three", "for", "they are"], "google_fil": ["X", "X", "3", "X", "5", "X", "0", "3", "X", "X"], "wit": ["where", "", "three", "two", "hi", "hello", "zero", "okay", "one", "you"], "bing": ["X", "four", "three", "who", "five", "zero", "zero", "three", "four", "little"], "sphinx_fil": ["1", "X", "X", "2", "X", "X", "X", "X", "X", "X"], "googleCloud_fil": ["X", "X", "3", "X", "5", "0", "0", "3", "X", "X"], "wit_fil": ["X", "X", "3", "2", "X", "X", "0", "X", "1", "X"], "ibm_fil": ["X", "X", "X", "X", "X", "0", "0", "3", "4", "X"], "final": "XX3X5X03XX", "googleCloud": ["X", "X", "three", "X", "five", "zero", "zero", "three", "X", "X"]}