{"bing_fil": ["X", "X", "1", "3", "5", "1", "7", "X", "1", "3"], "google": ["X", "X", "1", "3", "5", "X", "7", "X", "X", "3"], "sphinx": ["it", "the co", "one", "they", "why", "water", "good", "good", "he won", "great"], "ibm": ["X", "it", "one", "curry", "I", "one", "X", "or", "one", "very"], "google_fil": ["X", "X", "1", "3", "5", "X", "7", "X", "X", "3"], "wit": ["they", "", "one", "play", "hi", "one", "seven", "what", "one", "three"], "bing": ["X", "sex", "one", "three", "five", "one", "seven", "fuck", "one", "three"], "sphinx_fil": ["X", "X", "1", "X", "X", "X", "X", "X", "X", "X"], "googleCloud_fil": ["6", "X", "1", "3", "5", "1", "7", "X", "1", "3"], "wit_fil": ["X", "X", "1", "X", "X", "1", "7", "X", "1", "3"], "ibm_fil": ["X", "X", "1", "X", "X", "1", "X", "X", "1", "X"], "final": "XX13517X13", "googleCloud": ["six", "X", "one", "three", "five", "one", "seven", "X", "one", "three"]}