{"google": ["X", "X", "1", "3", "5", "X", "7", "X", "X", "3"], "sphinx_fil": ["8", "X", "1", "8", "X", "8", "X", "X", "X", "X"], "wit": ["they", "", "one", "play", "hi", "one", "seven", "what", "one", "three"], "time3": 2.7902510166168213, "time8": 2.2068982124328613, "time9": 2.8083109855651855, "time4": 7.536545991897583, "time5": 4.30351996421814, "time6": 4.433020114898682, "time7": 1.7414159774780273, "time0": 3.395887851715088, "time1": 2.3966660499572754, "time2": 1.9020941257476807, "googleCloud_fil": ["6", "X", "1", "3", "5", "1", "7", "X", "1", "3"], "final": "6613517413", "total_time": 34.13833403587341, "bing_fil": ["X", "6", "1", "3", "5", "1", "7", "X", "1", "3"], "houndify": ["X", "X", "X", "X", "X", "X", "X", "X", "X", "X"], "wit_fil": ["8", "X", "1", "X", "X", "1", "7", "X", "1", "3"], "googleCloud": ["six", "X", "one", "three", "five", "one", "seven", "X", "one", "three"], "sphinx": ["it", "the co", "one", "they", "why", "water", "good", "good", "he won", "great"], "ibm": ["X", "it", "one", "curry", "I", "one", "X", "or", "one", "very"], "google_fil": ["X", "X", "1", "3", "5", "X", "7", "X", "X", "3"], "bing": ["X", "sex", "one", "three", "five", "one", "seven", "fuck", "one", "three"], "ibm_fil": ["X", "8", "1", "X", "X", "1", "X", "4", "1", "3"], "houndify_fil": ["X", "X", "X", "X", "X", "X", "X", "X", "X", "X"]}