{"bing_fil": [null, "6666", "11", "33", "55", "11", "77", "5", "11", "33"], "google": ["X", "X", "1", "3", "5", "X", "7", "X", "X", "3"], "sphinx": ["it", "the co", "one", "they", "why", "water", "good", "good", "he won", "great"], "ibm": ["X", "it", "one", "curry", "I", "one", "X", "or", "one", "very"], "google_fil": [null, null, "11", "33", "55", null, "77", null, null, "33"], "wit": ["they", "", "one", "play", "hi", "one", "seven", "what", "one", "three"], "bing": ["X", "sex", "one", "three", "five", "one", "seven", "fuck", "one", "three"], "sphinx_fil": ["68", null, "11", "8", "5", "8", null, null, null, null], "googleCloud_fil": ["6666", null, "11", "33", "55", "11", "77", null, "11", "33"], "wit_fil": ["8", null, "11", null, "59", "11", "77", null, "11", "33"], "ibm_fil": [null, "68", "11", null, "59", "11", null, "44", "11", "3"], "final": "6613517413", "googleCloud": ["six", "X", "one", "three", "five", "one", "seven", "X", "one", "three"]}