{"bing_fil": ["X", "3", "7", "3", "9", "2", "X", "4", "X", "X"], "google": ["King", "free", "X", "3", "9", "X", "X", "4", "X", "X"], "sphinx": ["but a", "early", "to you", "really", "now lying", "harrowing week", "they had", "hey", "lou", "then what"], "ibm": ["creamy", "re", "that and", "really", "nine", "ill", "X", "for", "through", "or"], "google_fil": ["X", "X", "X", "3", "9", "X", "X", "4", "X", "X"], "wit": ["three", "three", "", "three", "nine", "two", "", "four", "he", ""], "bing": ["siri", "three", "seven", "three", "nine", "two", "sex", "four", "free", "X"], "sphinx_fil": ["X", "X", "X", "X", "X", "X", "X", "X", "X", "X"], "googleCloud_fil": ["3", "3", "7", "3", "9", "X", "X", "4", "X", "4"], "wit_fil": ["3", "3", "X", "3", "9", "2", "X", "4", "X", "X"], "ibm_fil": ["X", "X", "X", "X", "9", "X", "X", "4", "X", "X"], "final": "XXX39XX4XX", "googleCloud": ["three", "three", "seven", "three", "nine", "X", "X", "four", "X", "four"]}