{"google": ["King", "free", "X", "3", "9", "X", "X", "4", "X", "X"], "sphinx_fil": ["X", "X", "X", "X", "X", "3", "X", "8", "X", "X"], "wit": ["three", "three", "", "three", "nine", "two", "", "four", "he", ""], "time3": 1.6270301342010498, "time8": 1.9394900798797607, "time9": 3.1247100830078125, "time4": 1.61417818069458, "time5": 2.5305280685424805, "time6": 2.877987861633301, "time7": 2.2892489433288574, "time0": 2.967729091644287, "time1": 3.816154956817627, "time2": 2.5025339126586914, "googleCloud_fil": ["3", "3", "7", "3", "9", "X", "X", "4", "X", "4"], "final": "3373926434", "total_time": 25.46586799621582, "bing_fil": ["3", "3", "7", "3", "9", "2", "6", "4", "3", "X"], "houndify": ["X", "X", "X", "X", "X", "X", "X", "X", "X", "X"], "wit_fil": ["3", "3", "X", "3", "9", "2", "X", "4", "X", "X"], "googleCloud": ["three", "three", "seven", "three", "nine", "X", "X", "four", "X", "four"], "sphinx": ["but a", "early", "to you", "really", "now lying", "harrowing week", "they had", "hey", "lou", "then what"], "ibm": ["creamy", "re", "that and", "really", "nine", "ill", "X", "for", "through", "or"], "google_fil": ["X", "3", "X", "3", "9", "X", "X", "4", "X", "X"], "bing": ["siri", "three", "seven", "three", "nine", "two", "sex", "four", "free", "X"], "ibm_fil": ["X", "X", "X", "X", "9", "X", "X", "4", "X", "4"], "houndify_fil": ["X", "X", "X", "X", "X", "X", "X", "X", "X", "X"]}