{"bing_fil": ["3", "33", "77", "33", "99", "22", "6666", "44", "33", null], "google": ["King", "free", "X", "3", "9", "X", "X", "4", "X", "X"], "sphinx": ["but a", "early", "to you", "really", "now lying", "harrowing week", "they had", "hey", "lou", "then what"], "ibm": ["creamy", "re", "that and", "really", "nine", "ill", "X", "for", "through", "or"], "google_fil": [null, "33", null, "33", "99", null, null, "44", null, null], "wit": ["three", "three", "", "three", "nine", "two", "", "four", "he", ""], "bing": ["siri", "three", "seven", "three", "nine", "two", "sex", "four", "free", "X"], "sphinx_fil": [null, null, null, "3", null, "3", null, "8", "2", null], "googleCloud_fil": ["33", "33", "77", "33", "99", null, null, "44", null, "44"], "wit_fil": ["33", "33", null, "33", "99", "22", null, "44", null, null], "ibm_fil": [null, null, null, "3", "99", null, null, "44", null, "44"], "final": "3373926434", "googleCloud": ["three", "three", "seven", "three", "nine", "X", "X", "four", "X", "four"]}