{"bing_fil": ["33", "00", "0", "6666", null, "666", "9", "2", null, null], "google": ["3", "hero", "X", "X", "X", "X", "X", "X", "X", "X"], "sphinx": ["hurry", "the arrow", "no", "at a", "building", "they are", "undying", "do you", "at noon", "they have"], "ibm": ["three", "yeah", "yeah", "yeah", "X", "X", "I", "to", "I grew", "X"], "google_fil": ["33", "0", null, null, null, null, null, null, null, null], "wit": ["three", "no", "", "set", "seven", "hey", "nine", "turn", "what's the", ""], "bing": ["three", "zero", "yeah", "sex", "X", "thanks", "no i'm", "do", "X", "X"], "sphinx_fil": ["3", null, "9", null, null, null, null, null, null, "8"], "googleCloud_fil": ["33", "00", "00", null, null, null, "99", null, "33", null], "wit_fil": ["33", "9", null, "6666", "77", "8", "99", null, null, null], "ibm_fil": ["33", "0", "0", "0", null, null, "59", "22", "2", null], "final": "3006769238", "googleCloud": ["three", "zero", "zero", "X", "X", "X", "nine", "X", "three", "X"]}