{"google": ["3", "hero", "X", "X", "X", "X", "X", "X", "X", "X"], "sphinx_fil": ["X", "X", "9", "X", "X", "X", "1", "X", "X", "X"], "wit": ["three", "no", "", "set", "seven", "hey", "nine", "turn", "what's the", ""], "time3": 3.4945499897003174, "time8": 3.1933929920196533, "time9": 2.3029911518096924, "time4": 15.647796154022217, "time5": 2.686785936355591, "time6": 2.113115072250366, "time7": 2.249235153198242, "time0": 2.0356760025024414, "time1": 8.898637056350708, "time2": 2.3774731159210205, "googleCloud_fil": ["3", "0", "0", "X", "X", "X", "9", "X", "3", "X"], "final": "300678923X", "total_time": 45.15802502632141, "bing_fil": ["3", "0", "0", "6", "X", "X", "X", "2", "X", "X"], "houndify": ["X", "X", "X", "X", "X", "X", "X", "X", "X", "X"], "wit_fil": ["3", "9", "X", "6", "7", "8", "9", "X", "X", "X"], "googleCloud": ["three", "zero", "zero", "X", "X", "X", "nine", "X", "three", "X"], "sphinx": ["hurry", "the arrow", "no", "at a", "building", "they are", "undying", "do you", "at noon", "they have"], "ibm": ["three", "yeah", "yeah", "yeah", "X", "X", "I", "to", "I grew", "X"], "google_fil": ["3", "0", "X", "X", "X", "X", "X", "X", "X", "X"], "bing": ["three", "zero", "yeah", "sex", "X", "thanks", "no i'm", "do", "X", "X"], "ibm_fil": ["3", "0", "0", "0", "X", "X", "X", "2", "2", "X"], "houndify_fil": ["X", "X", "X", "X", "X", "X", "X", "X", "X", "X"]}