{"bing_fil": ["3", "0", "X", "X", "X", "X", "X", "X", "X", "X"], "google": ["3", "hero", "X", "X", "X", "X", "X", "X", "X", "X"], "sphinx": ["hurry", "the arrow", "no", "at a", "building", "they are", "undying", "do you", "at noon", "they have"], "ibm": ["three", "yeah", "yeah", "yeah", "X", "X", "I", "to", "I grew", "X"], "google_fil": ["3", "X", "X", "X", "X", "X", "X", "X", "X", "X"], "wit": ["three", "no", "", "set", "seven", "hey", "nine", "turn", "what's the", ""], "bing": ["three", "zero", "yeah", "sex", "X", "thanks", "no i'm", "do", "X", "X"], "sphinx_fil": ["X", "X", "X", "X", "X", "X", "X", "X", "X", "X"], "googleCloud_fil": ["3", "0", "0", "X", "X", "X", "9", "X", "3", "X"], "wit_fil": ["3", "X", "X", "X", "7", "X", "9", "X", "X", "X"], "ibm_fil": ["3", "X", "X", "X", "X", "X", "X", "2", "X", "X"], "final": "3XXXXXXXXX", "googleCloud": ["three", "zero", "zero", "X", "X", "X", "nine", "X", "three", "X"]}