{"bing_fil": [null, "44", null, null, "33", "22", "44", "8", "22", "8"], "google": ["X", "X", "X", "X", "X", "X", "X", "X", "X", "X"], "sphinx": ["boom", "laura", "good", "and i", "why", "i do", "will i", "go on a hat", "i do", "good"], "ibm": ["you", "for", "zero", "X", "great", "you", "or", "they", "to", "X"], "google_fil": [null, null, null, null, null, null, null, null, null, null], "wit": ["who", "four", "hello", "", "three", "who", "what", "please", "two", "hey"], "bing": ["poop", "four", "X", "X", "free", "two", "or", "A", "two", "hey"], "sphinx_fil": [null, null, null, null, "5", "2", null, null, "2", null], "googleCloud_fil": [null, "44", null, null, "33", null, null, "888", "22", null], "wit_fil": ["22", "44", "20", null, "33", "22", null, null, "22", "8"], "ibm_fil": ["2", "44", "00", null, null, "2", "44", "8", "22", null], "final": "240X324828", "googleCloud": ["X", "four", "X", "X", "three", "X", "X", "eight", "two", "X"]}