{"bing_fil": ["X", "4", "X", "X", "X", "2", "X", "X", "2", "X"], "google": ["X", "X", "X", "X", "X", "X", "X", "X", "X", "X"], "sphinx": ["boom", "laura", "good", "and i", "why", "i do", "will i", "go on a hat", "i do", "good"], "ibm": ["you", "for", "zero", "X", "great", "you", "or", "they", "to", "X"], "google_fil": ["X", "X", "X", "X", "X", "X", "X", "X", "X", "X"], "wit": ["who", "four", "hello", "", "three", "who", "what", "please", "two", "hey"], "bing": ["poop", "four", "X", "X", "free", "two", "or", "A", "two", "hey"], "sphinx_fil": ["X", "X", "X", "X", "X", "X", "X", "X", "X", "X"], "googleCloud_fil": ["X", "4", "X", "X", "3", "X", "X", "8", "2", "X"], "wit_fil": ["X", "4", "X", "X", "3", "X", "X", "X", "2", "X"], "ibm_fil": ["X", "4", "0", "X", "X", "X", "X", "X", "2", "X"], "final": "X4XXXXXX2X", "googleCloud": ["X", "four", "X", "X", "three", "X", "X", "eight", "two", "X"]}