{"google": ["X", "X", "X", "X", "X", "X", "X", "X", "X", "X"], "sphinx_fil": ["X", "X", "X", "X", "X", "2", "X", "X", "2", "X"], "wit": ["who", "four", "hello", "", "three", "who", "what", "please", "two", "hey"], "time3": 3.393592119216919, "time8": 1.960927963256836, "time9": 2.4760711193084717, "time4": 2.979907989501953, "time5": 2.1441080570220947, "time6": 2.6466588973999023, "time7": 3.5661540031433105, "time0": 2.909454107284546, "time1": 1.727877140045166, "time2": 1.8927128314971924, "googleCloud_fil": ["X", "4", "X", "X", "3", "X", "X", "8", "2", "X"], "final": "240X324828", "total_time": 25.87410807609558, "bing_fil": ["X", "4", "X", "X", "3", "2", "4", "8", "2", "8"], "houndify": ["X", "X", "X", "X", "X", "X", "X", "X", "X", "X"], "wit_fil": ["2", "4", "0", "X", "3", "2", "X", "X", "2", "8"], "googleCloud": ["X", "four", "X", "X", "three", "X", "X", "eight", "two", "X"], "sphinx": ["boom", "laura", "good", "and i", "why", "i do", "will i", "go on a hat", "i do", "good"], "ibm": ["you", "for", "zero", "X", "great", "you", "or", "they", "to", "X"], "google_fil": ["X", "X", "X", "X", "X", "X", "X", "X", "X", "X"], "bing": ["poop", "four", "X", "X", "free", "two", "or", "A", "two", "hey"], "ibm_fil": ["X", "4", "0", "X", "X", "X", "4", "8", "2", "X"], "houndify_fil": ["X", "X", "X", "X", "X", "X", "X", "X", "X", "X"]}