{"bing_fil": [null, "11", null, null, "0", "33", null, "0", null, null], "google": ["X", "X", "X", "X", "X", "X", "nice", "X", "X", "7"], "sphinx": ["and then", "well", "good", "good", "you know", "whew", "then", "no", "why", "eleven"], "ibm": ["yeah", "X", "to", "X", "you know", "we", "X", "zero", "right", "Irvine"], "google_fil": [null, null, null, null, null, null, "9", null, null, "77"], "wit": ["hey", "one", "", "seven", "no", "hey", "nine", "yeah", "nine", "seven"], "bing": ["X", "one", "X", "X", "girl", "free", "X", "euro", "X", "X"], "sphinx_fil": [null, "0", null, null, "0", "2", "8", "9", "5", "7"], "googleCloud_fil": [null, null, null, null, null, null, "99", null, null, "77"], "wit_fil": ["8", "11", null, "77", "9", "8", "99", "0", "99", "77"], "ibm_fil": ["0", null, "22", null, "0", "33", null, "00", null, "9"], "final": "0127039097", "googleCloud": ["X", "X", "X", "X", "X", "X", "nine", "X", "X", "seven"]}