{"bing_fil": ["X", "1", "X", "X", "X", "X", "X", "X", "X", "X"], "google": ["X", "X", "X", "X", "X", "X", "nice", "X", "X", "7"], "sphinx": ["and then", "well", "good", "good", "you know", "whew", "then", "no", "why", "eleven"], "ibm": ["yeah", "X", "to", "X", "you know", "we", "X", "zero", "right", "Irvine"], "google_fil": ["X", "X", "X", "X", "X", "X", "X", "X", "X", "7"], "wit": ["hey", "one", "", "seven", "no", "hey", "nine", "yeah", "nine", "seven"], "bing": ["X", "one", "X", "X", "girl", "free", "X", "euro", "X", "X"], "sphinx_fil": ["X", "X", "X", "X", "X", "X", "X", "X", "X", "X"], "googleCloud_fil": ["X", "X", "X", "X", "X", "X", "9", "X", "X", "7"], "wit_fil": ["X", "1", "X", "7", "X", "X", "9", "X", "9", "7"], "ibm_fil": ["X", "X", "2", "X", "X", "X", "X", "0", "X", "X"], "final": "XXXXXXXXX7", "googleCloud": ["X", "X", "X", "X", "X", "X", "nine", "X", "X", "seven"]}