{"google": ["X", "X", "X", "X", "X", "X", "nice", "X", "X", "7"], "sphinx_fil": ["X", "X", "X", "X", "0", "2", "X", "9", "X", "7"], "wit": ["hey", "one", "", "seven", "no", "hey", "nine", "yeah", "nine", "seven"], "time3": 2.320694923400879, "time8": 2.8165271282196045, "time9": 1.8152878284454346, "time4": 1.7855429649353027, "time5": 1.9380769729614258, "time6": 1.774217128753662, "time7": 1.9463310241699219, "time0": 1.9364819526672363, "time1": 1.629464864730835, "time2": 2.4686551094055176, "googleCloud_fil": ["X", "X", "X", "X", "X", "X", "9", "X", "X", "7"], "final": "8127029097", "total_time": 20.602176904678345, "bing_fil": ["X", "1", "X", "X", "0", "3", "X", "0", "X", "X"], "houndify": ["X", "X", "X", "X", "X", "X", "X", "X", "X", "X"], "wit_fil": ["8", "1", "X", "7", "9", "8", "9", "0", "9", "7"], "googleCloud": ["X", "X", "X", "X", "X", "X", "nine", "X", "X", "seven"], "sphinx": ["and then", "well", "good", "good", "you know", "whew", "then", "no", "why", "eleven"], "ibm": ["yeah", "X", "to", "X", "you know", "we", "X", "zero", "right", "Irvine"], "google_fil": ["X", "X", "X", "X", "X", "X", "X", "X", "X", "7"], "bing": ["X", "one", "X", "X", "girl", "free", "X", "euro", "X", "X"], "ibm_fil": ["0", "X", "2", "X", "0", "X", "X", "0", "X", "9"], "houndify_fil": ["X", "X", "X", "X", "X", "X", "X", "X", "X", "X"]}