{"bing_fil": ["44", "6666", "9", "33", "44", "11", "11", "11", "9", "6"], "google": ["4", "X", "1", "free", "4", "X", "1", "1", "X", "X"], "sphinx": ["by", "good", "why", "they", "whew", "juan", "why", "one", "no i", "they can"], "ibm": ["for", "it", "one", "X", "for", "one", "one", "one", "well", "it"], "google_fil": ["44", null, "11", "33", "44", null, "11", "11", null, null], "wit": ["four", "", "one", "three", "four", "one", "one", "one", "not", "wake"], "bing": ["four", "sex", "wine", "three", "four", "one", "one", "one", "no", "dick"], "sphinx_fil": ["59", null, "5", "8", "2", "1", "5", "11", "9", null], "googleCloud_fil": ["44", null, "11", "33", "44", "11", "11", "11", null, null], "wit_fil": ["44", null, "11", "33", "44", "11", "11", "11", null, null], "ibm_fil": ["44", "68", "11", null, "44", "11", "11", "11", "0", "68"], "final": "4613411196", "googleCloud": ["four", "X", "one", "three", "four", "one", "one", "one", "X", "X"]}