{"bing_fil": ["4", "X", "X", "3", "4", "1", "1", "1", "X", "X"], "google": ["4", "X", "1", "free", "4", "X", "1", "1", "X", "X"], "sphinx": ["by", "good", "why", "they", "whew", "juan", "why", "one", "no i", "they can"], "ibm": ["for", "it", "one", "X", "for", "one", "one", "one", "well", "it"], "google_fil": ["4", "X", "1", "X", "4", "X", "1", "1", "X", "X"], "wit": ["four", "", "one", "three", "four", "one", "one", "one", "not", "wake"], "bing": ["four", "sex", "wine", "three", "four", "one", "one", "one", "no", "dick"], "sphinx_fil": ["X", "X", "X", "X", "X", "X", "X", "1", "X", "X"], "googleCloud_fil": ["4", "X", "1", "3", "4", "1", "1", "1", "X", "X"], "wit_fil": ["4", "X", "1", "3", "4", "1", "1", "1", "X", "X"], "ibm_fil": ["4", "X", "1", "X", "4", "1", "1", "1", "X", "X"], "final": "4X1X4111XX", "googleCloud": ["four", "X", "one", "three", "four", "one", "one", "one", "X", "X"]}