{"google": ["4", "X", "1", "free", "4", "X", "1", "1", "X", "X"], "sphinx_fil": ["X", "X", "X", "8", "2", "1", "X", "1", "9", "X"], "wit": ["four", "", "one", "three", "four", "one", "one", "one", "not", "wake"], "time3": 5.7928290367126465, "time8": 2.0953290462493896, "time9": 2.8046510219573975, "time4": 3.7029800415039062, "time5": 2.4436440467834473, "time6": 2.875917911529541, "time7": 2.365630865097046, "time0": 2.3172848224639893, "time1": 4.806399822235107, "time2": 4.353513956069946, "googleCloud_fil": ["4", "X", "1", "3", "4", "1", "1", "1", "X", "X"], "final": "4613411196", "total_time": 34.243587017059326, "bing_fil": ["4", "6", "9", "3", "4", "1", "1", "1", "9", "6"], "houndify": ["X", "X", "X", "X", "X", "X", "X", "X", "X", "X"], "wit_fil": ["4", "X", "1", "3", "4", "1", "1", "1", "X", "X"], "googleCloud": ["four", "X", "one", "three", "four", "one", "one", "one", "X", "X"], "sphinx": ["by", "good", "why", "they", "whew", "juan", "why", "one", "no i", "they can"], "ibm": ["for", "it", "one", "X", "for", "one", "one", "one", "well", "it"], "google_fil": ["4", "X", "1", "3", "4", "X", "1", "1", "X", "X"], "bing": ["four", "sex", "wine", "three", "four", "one", "one", "one", "no", "dick"], "ibm_fil": ["4", "8", "1", "X", "4", "1", "1", "1", "X", "8"], "houndify_fil": ["X", "X", "X", "X", "X", "X", "X", "X", "X", "X"]}