{"bing_fil": ["X", "1", "X", "X", "X", "X", "X", "1", "X", "X"], "google": ["free", "X", "X", "X", "5", "7", "X", "1", "X", "X"], "sphinx": ["hurry", "why", "the o.", "egg", "bye", "that move", "they had", "one", "ed", "but one"], "ibm": ["re", "one", "there", "that", "why", "that's when", "there", "one", "I", "but"], "google_fil": ["X", "X", "X", "X", "5", "7", "X", "1", "X", "X"], "wit": ["", "one", "do", "", "five", "", "", "one", "cool", "buy"], "bing": ["X", "one", "X", "thanks", "X", "X", "X", "one", "X", "bye"], "sphinx_fil": ["X", "X", "X", "X", "X", "X", "X", "1", "X", "X"], "googleCloud_fil": ["3", "1", "X", "X", "5", "7", "6", "1", "X", "X"], "wit_fil": ["X", "1", "X", "X", "5", "X", "X", "1", "X", "X"], "ibm_fil": ["X", "1", "X", "X", "X", "X", "X", "1", "X", "X"], "final": "X1XX5XX1XX", "googleCloud": ["three", "one", "X", "X", "five", "seven", "six", "one", "X", "X"]}