{"bing_fil": [null, "11", null, "666", null, null, null, "11", null, "59"], "google": ["free", "X", "X", "X", "5", "7", "X", "1", "X", "X"], "sphinx": ["hurry", "why", "the o.", "egg", "bye", "that move", "they had", "one", "ed", "but one"], "ibm": ["re", "one", "there", "that", "why", "that's when", "there", "one", "I", "but"], "google_fil": ["33", null, null, null, "55", "77", null, "11", null, null], "wit": ["", "one", "do", "", "five", "", "", "one", "cool", "buy"], "bing": ["X", "one", "X", "thanks", "X", "X", "X", "one", "X", "bye"], "sphinx_fil": ["3", "5", "00", null, "59", null, null, "11", null, null], "googleCloud_fil": ["33", "11", null, null, "55", "77", "6666", "11", null, null], "wit_fil": [null, "11", "2", null, "55", null, null, "11", null, "59"], "ibm_fil": [null, "11", null, null, "5", null, null, "11", "59", null], "final": "3106576155", "googleCloud": ["three", "one", "X", "X", "five", "seven", "six", "one", "X", "X"]}