{"google": ["free", "X", "X", "X", "5", "7", "X", "1", "X", "X"], "sphinx_fil": ["X", "X", "X", "X", "X", "X", "X", "1", "X", "1"], "wit": ["", "one", "do", "", "five", "", "", "one", "cool", "buy"], "time3": 1.6422779560089111, "time8": 2.1034669876098633, "time9": 2.19734787940979, "time4": 1.9441280364990234, "time5": 1.5026159286499023, "time6": 1.9397811889648438, "time7": 1.5821380615234375, "time0": 1.8814260959625244, "time1": 1.5123529434204102, "time2": 1.7726218700408936, "googleCloud_fil": ["3", "1", "X", "X", "5", "7", "6", "1", "X", "X"], "final": "312X5761X1", "total_time": 18.24406909942627, "bing_fil": ["X", "1", "X", "X", "X", "X", "X", "1", "X", "X"], "houndify": ["X", "X", "X", "X", "X", "X", "X", "X", "X", "X"], "wit_fil": ["X", "1", "2", "X", "5", "X", "X", "1", "X", "X"], "googleCloud": ["three", "one", "X", "X", "five", "seven", "six", "one", "X", "X"], "sphinx": ["hurry", "why", "the o.", "egg", "bye", "that move", "they had", "one", "ed", "but one"], "ibm": ["re", "one", "there", "that", "why", "that's when", "there", "one", "I", "but"], "google_fil": ["3", "X", "X", "X", "5", "7", "X", "1", "X", "X"], "bing": ["X", "one", "X", "thanks", "X", "X", "X", "one", "X", "bye"], "ibm_fil": ["X", "1", "X", "X", "X", "X", "X", "1", "X", "X"], "houndify_fil": ["X", "X", "X", "X", "X", "X", "X", "X", "X", "X"]}