{"google": ["X", "1", "9", "X", "X", "X", "X", "sex", "0", "X"], "sphinx_fil": ["X", "X", "9", "8", "X", "X", "0", "8", "9", "X"], "wit": ["", "one", "no", "", "", "three", "", "they", "", ""], "time3": 4.584028959274292, "time8": 2.693063974380493, "time9": 2.3936002254486084, "time4": 4.46454381942749, "time5": 2.274946928024292, "time6": 2.1662349700927734, "time7": 2.526104211807251, "time0": 3.6449389457702637, "time1": 4.215933799743652, "time2": 4.409722089767456, "googleCloud_fil": ["X", "1", "9", "X", "6", "3", "0", "6", "X", "8"], "final": "X198630608", "total_time": 34.05578112602234, "bing_fil": ["X", "1", "9", "8", "X", "3", "0", "6", "0", "8"], "houndify": ["X", "X", "X", "X", "X", "X", "X", "X", "X", "X"], "wit_fil": ["X", "1", "9", "X", "X", "3", "X", "8", "X", "X"], "googleCloud": ["X", "one", "nine", "X", "six", "three", "zero", "six", "X", "eight"], "sphinx": ["uh huh", "why", "nine", "they", "why", "really", "you know", "they", "no", "they are"], "ibm": ["X", "one", "nine", "eight", "X", "rate", "zero", "six", "zero", "and a"], "google_fil": ["X", "1", "9", "X", "X", "X", "X", "6", "0", "X"], "bing": ["X", "one", "nine", "eight", "X", "three", "euro", "sex", "zero", "A"], "ibm_fil": ["X", "1", "9", "8", "X", "8", "0", "6", "0", "X"], "houndify_fil": ["X", "X", "X", "X", "X", "X", "X", "X", "X", "X"]}