{"bing_fil": [null, "11", "99", "888", null, "33", "0", "6666", "00", "8"], "google": ["X", "1", "9", "X", "X", "X", "X", "sex", "0", "X"], "sphinx": ["uh huh", "why", "nine", "they", "why", "really", "you know", "they", "no", "they are"], "ibm": ["X", "one", "nine", "eight", "X", "rate", "zero", "six", "zero", "and a"], "google_fil": [null, "11", "99", null, null, null, null, "6666", "00", null], "wit": ["", "one", "no", "", "", "three", "", "they", "", ""], "bing": ["X", "one", "nine", "eight", "X", "three", "euro", "sex", "zero", "A"], "sphinx_fil": [null, "5", "99", "8", "5", "3", "0", "8", "9", null], "googleCloud_fil": [null, "11", "99", null, "6666", "33", "00", "6666", null, "888"], "wit_fil": [null, "11", "9", null, null, "33", null, "8", null, null], "ibm_fil": [null, "11", "99", "888", null, "8", "00", "6666", "00", null], "final": "X198630608", "googleCloud": ["X", "one", "nine", "X", "six", "three", "zero", "six", "X", "eight"]}