{"bing_fil": ["X", "1", "9", "8", "X", "3", "X", "X", "0", "X"], "google": ["X", "1", "9", "X", "X", "X", "X", "sex", "0", "X"], "sphinx": ["uh huh", "why", "nine", "they", "why", "really", "you know", "they", "no", "they are"], "ibm": ["X", "one", "nine", "eight", "X", "rate", "zero", "six", "zero", "and a"], "google_fil": ["X", "1", "9", "X", "X", "X", "X", "X", "0", "X"], "wit": ["", "one", "no", "", "", "three", "", "they", "", ""], "bing": ["X", "one", "nine", "eight", "X", "three", "euro", "sex", "zero", "A"], "sphinx_fil": ["X", "X", "9", "X", "X", "X", "X", "X", "X", "X"], "googleCloud_fil": ["X", "1", "9", "X", "6", "3", "0", "6", "X", "8"], "wit_fil": ["X", "1", "X", "X", "X", "3", "X", "X", "X", "X"], "ibm_fil": ["X", "1", "9", "8", "X", "X", "0", "6", "0", "X"], "final": "X19XXXXX0X", "googleCloud": ["X", "one", "nine", "X", "six", "three", "zero", "six", "X", "eight"]}