{"bing_fil": ["X", "X", "X", "X", "X", "X", "X", "X", "5", "1"], "google": ["X", "X", "X", "1", "X", "X", "X", "X", "X", "X"], "sphinx": ["then", "it hid a", "bob", "warren", "did i", "that in", "good", "then", "oh i", "long"], "ibm": ["X", "X", "are", "war", "is", "but", "X", "X", "well", "we want"], "google_fil": ["X", "X", "X", "1", "X", "X", "X", "X", "X", "X"], "wit": ["", "", "", "one", "who", "seven", "very", "what", "", "one"], "bing": ["X", "X", "X", "X", "X", "southern", "X", "X", "five", "one"], "sphinx_fil": ["X", "X", "X", "X", "X", "X", "X", "X", "X", "X"], "googleCloud_fil": ["X", "6", "X", "1", "X", "7", "X", "1", "X", "1"], "wit_fil": ["X", "X", "X", "1", "X", "7", "X", "X", "X", "1"], "ibm_fil": ["X", "X", "X", "X", "X", "X", "X", "X", "X", "X"], "final": "XXX1XXXXXX", "googleCloud": ["X", "six", "X", "one", "X", "seven", "X", "one", "X", "one"]}