{"bing_fil": [null, null, null, null, null, null, null, null, "55", "11"], "google": ["X", "X", "X", "1", "X", "X", "X", "X", "X", "X"], "sphinx": ["then", "it hid a", "bob", "warren", "did i", "that in", "good", "then", "oh i", "long"], "ibm": ["X", "X", "are", "war", "is", "but", "X", "X", "well", "we want"], "google_fil": [null, null, null, "11", null, null, null, null, null, null], "wit": ["", "", "", "one", "who", "seven", "very", "what", "", "one"], "bing": ["X", "X", "X", "X", "X", "southern", "X", "X", "five", "one"], "sphinx_fil": ["8", null, null, null, null, "7", null, "8", null, null], "googleCloud_fil": [null, "6666", null, "11", null, "77", null, "11", null, "11"], "wit_fil": [null, null, null, "11", "22", "77", "3", null, null, "11"], "ibm_fil": [null, null, null, null, null, null, null, null, "0", null], "final": "86X1273151", "googleCloud": ["X", "six", "X", "one", "X", "seven", "X", "one", "X", "one"]}