{"google": ["X", "X", "X", "1", "X", "X", "X", "X", "X", "X"], "sphinx_fil": ["X", "X", "X", "X", "X", "X", "X", "X", "X", "X"], "wit": ["", "", "", "one", "who", "seven", "very", "what", "", "one"], "time3": 1.9198570251464844, "time8": 2.8566977977752686, "time9": 1.9692108631134033, "time4": 2.5824410915374756, "time5": 2.4412920475006104, "time6": 3.4732649326324463, "time7": 3.5166220664978027, "time0": 3.3409738540649414, "time1": 3.673859119415283, "time2": 1.8789901733398438, "googleCloud_fil": ["X", "6", "X", "1", "X", "7", "X", "1", "X", "1"], "final": "X6X1273151", "total_time": 27.811009883880615, "bing_fil": ["X", "X", "X", "X", "X", "X", "X", "X", "5", "1"], "houndify": ["X", "X", "X", "X", "X", "X", "X", "X", "X"], "wit_fil": ["X", "X", "X", "1", "2", "7", "3", "X", "X", "1"], "googleCloud": ["X", "six", "X", "one", "X", "seven", "X", "one", "X", "one"], "sphinx": ["then", "it hid a", "bob", "warren", "did i", "that in", "good", "then", "oh i", "long"], "ibm": ["X", "X", "are", "war", "is", "but", "X", "X", "well", "we want"], "google_fil": ["X", "X", "X", "1", "X", "X", "X", "X", "X", "X"], "bing": ["X", "X", "X", "X", "X", "southern", "X", "X", "five", "one"], "ibm_fil": ["X", "X", "X", "X", "X", "X", "X", "X", "X", "X"], "houndify_fil": ["X", "X", "X", "X", "X", "X", "X", "X", "X"]}