{"bing_fil": ["9", "X", "8", "0", "X", "0", "9", "X", "7", "X"], "google": ["9", "X", "X", "X", "sex", "X", "9", "X", "X", "X"], "sphinx": ["none", "well", "eight", "no", "good", "the arrow", "none", "i do", "the", "hi"], "ibm": ["nine", "you know", "X", "zero", "there", "zero", "nine", "to", "X", "I"], "google_fil": ["9", "X", "X", "X", "X", "X", "9", "X", "X", "X"], "wit": ["nine", "", "", "", "okay", "zero", "nine", "two", "seven", "buy"], "bing": ["nine", "well", "eight", "zero", "thanks", "zero", "nine", "who", "seven", "find"], "sphinx_fil": ["X", "X", "8", "X", "X", "X", "X", "X", "X", "X"], "googleCloud_fil": ["9", "0", "X", "X", "6", "0", "9", "2", "7", "5"], "wit_fil": ["9", "X", "X", "X", "X", "0", "9", "2", "7", "X"], "ibm_fil": ["9", "X", "X", "0", "X", "0", "9", "2", "X", "X"], "final": "9XXXX09XXX", "googleCloud": ["nine", "zero", "X", "X", "six", "zero", "nine", "two", "seven", "five"]}