{"bing_fil": ["99", "0", "888", "00", "666", "00", "99", "22", "77", "5"], "google": ["9", "X", "X", "X", "sex", "X", "9", "X", "X", "X"], "sphinx": ["none", "well", "eight", "no", "good", "the arrow", "none", "i do", "the", "hi"], "ibm": ["nine", "you know", "X", "zero", "there", "zero", "nine", "to", "X", "I"], "google_fil": ["99", null, null, null, "6666", null, "99", null, null, null], "wit": ["nine", "", "", "", "okay", "zero", "nine", "two", "seven", "buy"], "bing": ["nine", "well", "eight", "zero", "thanks", "zero", "nine", "who", "seven", "find"], "sphinx_fil": ["9", "0", "888", "9", null, null, "9", "2", null, "59"], "googleCloud_fil": ["99", "00", null, null, "6666", "00", "99", "22", "77", "55"], "wit_fil": ["99", null, null, null, null, "00", "99", "22", "77", "59"], "ibm_fil": ["99", "0", null, "00", null, "00", "99", "22", null, "59"], "final": "9080609275", "googleCloud": ["nine", "zero", "X", "X", "six", "zero", "nine", "two", "seven", "five"]}