{"google": ["9", "X", "X", "X", "sex", "X", "9", "X", "X", "X"], "sphinx_fil": ["1", "X", "8", "9", "X", "X", "1", "2", "X", "X"], "wit": ["nine", "", "", "", "okay", "zero", "nine", "two", "seven", "buy"], "time3": 3.0253329277038574, "time8": 2.954169988632202, "time9": 7.38304591178894, "time4": 4.1062750816345215, "time5": 2.836082935333252, "time6": 3.605318069458008, "time7": 2.809838056564331, "time0": 5.587139844894409, "time1": 7.44280481338501, "time2": 2.8119328022003174, "googleCloud_fil": ["9", "0", "X", "X", "6", "0", "9", "2", "7", "5"], "final": "9080609275", "total_time": 43.264232873916626, "bing_fil": ["9", "X", "8", "0", "X", "0", "9", "2", "7", "X"], "houndify": ["X", "X", "X", "X", "X", "X", "X", "X", "X", "X"], "wit_fil": ["9", "X", "X", "X", "X", "0", "9", "2", "7", "X"], "googleCloud": ["nine", "zero", "X", "X", "six", "zero", "nine", "two", "seven", "five"], "sphinx": ["none", "well", "eight", "no", "good", "the arrow", "none", "i do", "the", "hi"], "ibm": ["nine", "you know", "X", "zero", "there", "zero", "nine", "to", "X", "I"], "google_fil": ["9", "X", "X", "X", "6", "X", "9", "X", "X", "X"], "bing": ["nine", "well", "eight", "zero", "thanks", "zero", "nine", "who", "seven", "find"], "ibm_fil": ["9", "0", "X", "0", "X", "0", "9", "2", "X", "X"], "houndify_fil": ["X", "X", "X", "X", "X", "X", "X", "X", "X", "X"]}