{"bing_fil": ["1", "X", "1", "5", "4", "2", "1", "X", "X", "X"], "google": ["X", "X", "why", "X", "4", "you", "X", "X", "X", "X"], "sphinx": ["gone", "you know", "one", "by", "whew", "i do", "why", "good will", "really", "during the will"], "ibm": ["one", "we are", "one", "I", "for", "to", "one", "X", "the rate", "very"], "google_fil": ["X", "X", "X", "X", "4", "X", "X", "X", "X", "X"], "wit": ["one", "", "one", "five", "", "who", "one", "", "three", "hey"], "bing": ["one", "X", "one", "five", "four", "two", "one", "sex", "the rate", "hey"], "sphinx_fil": ["X", "X", "1", "X", "X", "X", "X", "X", "X", "X"], "googleCloud_fil": ["1", "X", "1", "X", "4", "X", "1", "X", "3", "3"], "wit_fil": ["1", "X", "1", "5", "X", "X", "1", "X", "3", "X"], "ibm_fil": ["1", "X", "1", "X", "4", "2", "1", "X", "X", "X"], "final": "1X1X4X1XXX", "googleCloud": ["one", "X", "one", "X", "four", "X", "one", "X", "three", "three"]}