{"bing_fil": ["11", null, "11", "55", "44", "22", "11", "6666", "8", "8"], "google": ["X", "X", "why", "X", "4", "you", "X", "X", "X", "X"], "sphinx": ["gone", "you know", "one", "by", "whew", "i do", "why", "good will", "really", "during the will"], "ibm": ["one", "we are", "one", "I", "for", "to", "one", "X", "the rate", "very"], "google_fil": [null, null, "5", null, "44", "2", null, null, null, null], "wit": ["one", "", "one", "five", "", "who", "one", "", "three", "hey"], "bing": ["one", "X", "one", "five", "four", "two", "one", "sex", "the rate", "hey"], "sphinx_fil": [null, "0", "11", "59", "2", "2", "5", null, "3", null], "googleCloud_fil": ["11", null, "11", null, "44", null, "11", null, "33", "33"], "wit_fil": ["11", null, "11", "55", null, "22", "11", null, "33", "8"], "ibm_fil": ["11", null, "11", "59", "44", "22", "11", null, "8", "3"], "final": "1015421633", "googleCloud": ["one", "X", "one", "X", "four", "X", "one", "X", "three", "three"]}