{"google": ["X", "X", "why", "X", "4", "you", "X", "X", "X", "X"], "sphinx_fil": ["1", "0", "1", "X", "2", "2", "X", "X", "X", "X"], "wit": ["one", "", "one", "five", "", "who", "one", "", "three", "hey"], "time3": 3.380783796310425, "time8": 5.699749946594238, "time9": 6.914892911911011, "time4": 2.999544143676758, "time5": 2.4840660095214844, "time6": 3.1181039810180664, "time7": 4.8813159465789795, "time0": 2.685164213180542, "time1": 2.8252768516540527, "time2": 2.2726938724517822, "googleCloud_fil": ["1", "X", "1", "X", "4", "X", "1", "X", "3", "3"], "final": "1015421633", "total_time": 37.987196922302246, "bing_fil": ["1", "X", "1", "5", "4", "2", "1", "6", "8", "8"], "houndify": ["X", "X", "X", "X", "X", "X", "X", "X", "X", "X"], "wit_fil": ["1", "X", "1", "5", "X", "2", "1", "X", "3", "8"], "googleCloud": ["one", "X", "one", "X", "four", "X", "one", "X", "three", "three"], "sphinx": ["gone", "you know", "one", "by", "whew", "i do", "why", "good will", "really", "during the will"], "ibm": ["one", "we are", "one", "I", "for", "to", "one", "X", "the rate", "very"], "google_fil": ["X", "X", "X", "X", "4", "X", "X", "X", "X", "X"], "bing": ["one", "X", "one", "five", "four", "two", "one", "sex", "the rate", "hey"], "ibm_fil": ["1", "X", "1", "X", "4", "2", "1", "X", "8", "3"], "houndify_fil": ["X", "X", "X", "X", "X", "X", "X", "X", "X", "X"]}