{"bing_fil": ["8", "77", "0", "44", null, "888", null, "77", "9", "6666"], "google": ["8", "X", "X", "X", "X", "8", "X", "X", "X", "X"], "sphinx": ["they", "heaven", "the arrow", "they are", "did you", "a pet", "helen", "then", "yeah later", "it"], "ibm": ["a", "that", "yeah", "or", "X", "eight", "X", "better", "yeah I", "Rick"], "google_fil": ["888", null, null, null, null, "888", null, null, null, null], "wit": ["they", "seven", "", "four", "", "eight", "seven", "the", "nine", "six"], "bing": ["hey", "seven", "here", "four", "X", "eight", "X", "seven", "no", "sex"], "sphinx_fil": ["8", "7", null, null, null, null, null, "8", "8", "68"], "googleCloud_fil": ["888", "77", null, "44", "6666", "888", null, null, null, "6666"], "wit_fil": ["8", "77", null, "44", null, "888", "77", null, "99", "6666"], "ibm_fil": ["8", null, "0", "44", null, "888", null, null, "9", "6"], "final": "8704687796", "googleCloud": ["eight", "seven", "X", "four", "six", "eight", "X", "X", "X", "six"]}