{"bing_fil": ["X", "7", "X", "4", "X", "8", "X", "7", "X", "X"], "google": ["8", "X", "X", "X", "X", "8", "X", "X", "X", "X"], "sphinx": ["they", "heaven", "the arrow", "they are", "did you", "a pet", "helen", "then", "yeah later", "it"], "ibm": ["a", "that", "yeah", "or", "X", "eight", "X", "better", "yeah I", "Rick"], "google_fil": ["8", "X", "X", "X", "X", "8", "X", "X", "X", "X"], "wit": ["they", "seven", "", "four", "", "eight", "seven", "the", "nine", "six"], "bing": ["hey", "seven", "here", "four", "X", "eight", "X", "seven", "no", "sex"], "sphinx_fil": ["X", "X", "X", "X", "X", "X", "X", "X", "X", "X"], "googleCloud_fil": ["8", "7", "X", "4", "6", "8", "X", "X", "X", "6"], "wit_fil": ["X", "7", "X", "4", "X", "8", "7", "X", "9", "6"], "ibm_fil": ["X", "X", "X", "X", "X", "8", "X", "X", "X", "X"], "final": "XXXXX8XXXX", "googleCloud": ["eight", "seven", "X", "four", "six", "eight", "X", "X", "X", "six"]}