{"google": ["8", "X", "X", "X", "X", "8", "X", "X", "X", "X"], "sphinx_fil": ["8", "7", "X", "X", "X", "X", "X", "X", "8", "8"], "wit": ["they", "seven", "", "four", "", "eight", "seven", "the", "nine", "six"], "time3": 3.652873992919922, "time8": 3.552417039871216, "time9": 3.022832155227661, "time4": 4.237304925918579, "time5": 4.896115064620972, "time6": 3.7814221382141113, "time7": 1.8797900676727295, "time0": 6.693457841873169, "time1": 2.408926010131836, "time2": 2.4190897941589355, "googleCloud_fil": ["8", "7", "X", "4", "6", "8", "X", "X", "X", "6"], "final": "8704687796", "total_time": 36.78112006187439, "bing_fil": ["8", "7", "X", "4", "X", "8", "X", "7", "9", "6"], "houndify": ["X", "X", "X", "X", "X", "X", "X", "X", "X", "X"], "wit_fil": ["8", "7", "X", "4", "X", "8", "7", "X", "9", "6"], "googleCloud": ["eight", "seven", "X", "four", "six", "eight", "X", "X", "X", "six"], "sphinx": ["they", "heaven", "the arrow", "they are", "did you", "a pet", "helen", "then", "yeah later", "it"], "ibm": ["a", "that", "yeah", "or", "X", "eight", "X", "better", "yeah I", "Rick"], "google_fil": ["8", "X", "X", "X", "X", "8", "X", "X", "X", "X"], "bing": ["hey", "seven", "here", "four", "X", "eight", "X", "seven", "no", "sex"], "ibm_fil": ["8", "X", "0", "4", "X", "8", "X", "X", "X", "6"], "houndify_fil": ["X", "X", "X", "X", "X", "X", "X", "X", "X", "X"]}