{"bing_fil": [null, "22", null, "00", "55", "9", "2", "33", "22", null], "google": ["X", "X", "free", "0", "X", "X", "Sears", "X", "X", "X"], "sphinx": ["you know", "hale", "when", "euro", "hey", "now i", "i do", "and the", "two", "the two"], "ibm": ["you know", "you", "we", "zero", "I", "nine", "to", "we", "to", "you"], "google_fil": [null, null, "33", "00", null, null, null, null, null, null], "wit": ["no", "who", "okay", "yo", "hi", "nine", "", "three", "two", "who"], "bing": ["X", "two", "please", "zero", "five", "no", "do", "three", "two", "X"], "sphinx_fil": ["0", null, null, "0", "8", "9", "2", null, "22", null], "googleCloud_fil": [null, null, "33", "00", null, null, null, null, "22", "22"], "wit_fil": ["9", "22", null, "0", "59", "99", null, "33", "22", "22"], "ibm_fil": ["0", "2", "33", "00", "59", "99", "22", "33", "22", "2"], "final": "0230592322", "googleCloud": ["X", "X", "three", "zero", "X", "X", "is", "X", "two", "two"]}