{"bing_fil": ["X", "2", "X", "0", "5", "X", "X", "3", "2", "X"], "google": ["X", "X", "free", "0", "X", "X", "Sears", "X", "X", "X"], "sphinx": ["you know", "hale", "when", "euro", "hey", "now i", "i do", "and the", "two", "the two"], "ibm": ["you know", "you", "we", "zero", "I", "nine", "to", "we", "to", "you"], "google_fil": ["X", "X", "X", "0", "X", "X", "X", "X", "X", "X"], "wit": ["no", "who", "okay", "yo", "hi", "nine", "", "three", "two", "who"], "bing": ["X", "two", "please", "zero", "five", "no", "do", "three", "two", "X"], "sphinx_fil": ["X", "X", "X", "X", "X", "X", "X", "X", "2", "X"], "googleCloud_fil": ["X", "X", "3", "0", "X", "X", "X", "X", "2", "2"], "wit_fil": ["X", "X", "X", "X", "X", "9", "X", "3", "2", "X"], "ibm_fil": ["X", "X", "X", "0", "X", "9", "2", "X", "2", "X"], "final": "XXX0XXXX2X", "googleCloud": ["X", "X", "three", "zero", "X", "X", "is", "X", "two", "two"]}