{"google": ["X", "X", "free", "0", "X", "X", "Sears", "X", "X", "X"], "sphinx_fil": ["0", "X", "X", "0", "8", "X", "2", "X", "2", "X"], "wit": ["no", "who", "okay", "yo", "hi", "nine", "", "three", "two", "who"], "time3": 4.158287048339844, "time8": 2.763037919998169, "time9": 4.264595031738281, "time4": 3.553457021713257, "time5": 4.257189989089966, "time6": 10.403061866760254, "time7": 5.662247896194458, "time0": 6.113555908203125, "time1": 3.8819150924682617, "time2": 3.224997043609619, "googleCloud_fil": ["X", "X", "3", "0", "X", "X", "X", "X", "2", "2"], "final": "0230592322", "total_time": 49.26592707633972, "bing_fil": ["X", "2", "X", "0", "5", "9", "2", "3", "2", "X"], "houndify": ["X", "X", "X", "X", "X", "X", "X", "X", "X", "X"], "wit_fil": ["9", "2", "X", "0", "X", "9", "X", "3", "2", "2"], "googleCloud": ["X", "X", "three", "zero", "X", "X", "is", "X", "two", "two"], "sphinx": ["you know", "hale", "when", "euro", "hey", "now i", "i do", "and the", "two", "the two"], "ibm": ["you know", "you", "we", "zero", "I", "nine", "to", "we", "to", "you"], "google_fil": ["X", "X", "3", "0", "X", "X", "X", "X", "X", "X"], "bing": ["X", "two", "please", "zero", "five", "no", "do", "three", "two", "X"], "ibm_fil": ["0", "X", "X", "0", "X", "9", "2", "X", "2", "X"], "houndify_fil": ["X", "X", "X", "X", "X", "X", "X", "X", "X", "X"]}