{"bing_fil": ["X", "9", "9", "X", "X", "X", "X", "X", "X", "7"], "google": ["X", "X", "X", "X", "X", "X", "0", "X", "0", "7"], "sphinx": ["ooh", "now i", "nine", "good", "juan", "do you", "bill", "goody", "and you home", "that is"], "ibm": ["to", "nine", "nine", "there", "one", "you", "zero", "every", "zero", "that"], "google_fil": ["X", "X", "X", "X", "X", "X", "0", "X", "0", "7"], "wit": ["hello", "", "nine", "who", "one", "who", "no", "three", "hello", "seven"], "bing": ["who", "nine", "nine", "X", "X", "X", "X", "X", "X", "seven"], "sphinx_fil": ["X", "X", "9", "X", "X", "X", "X", "X", "X", "X"], "googleCloud_fil": ["X", "X", "9", "X", "1", "2", "0", "3", "0", "7"], "wit_fil": ["X", "X", "9", "X", "1", "X", "X", "3", "X", "7"], "ibm_fil": ["2", "9", "9", "X", "1", "X", "0", "X", "0", "X"], "final": "XX9XXX0X07", "googleCloud": ["X", "X", "nine", "X", "one", "two", "zero", "three", "zero", "seven"]}