{"bing_fil": ["22", "99", "99", null, null, null, null, null, null, "77"], "google": ["X", "X", "X", "X", "X", "X", "0", "X", "0", "7"], "sphinx": ["ooh", "now i", "nine", "good", "juan", "do you", "bill", "goody", "and you home", "that is"], "ibm": ["to", "nine", "nine", "there", "one", "you", "zero", "every", "zero", "that"], "google_fil": [null, null, null, null, null, null, "00", null, "00", "77"], "wit": ["hello", "", "nine", "who", "one", "who", "no", "three", "hello", "seven"], "bing": ["who", "nine", "nine", "X", "X", "X", "X", "X", "X", "seven"], "sphinx_fil": [null, "9", "99", null, "1", null, "0", null, null, null], "googleCloud_fil": [null, null, "99", null, "11", "22", "00", "33", "00", "77"], "wit_fil": ["20", null, "99", "22", "11", "22", "9", "33", "20", "77"], "ibm_fil": ["22", "99", "99", null, "11", "2", "00", null, "00", null], "final": "2992120307", "googleCloud": ["X", "X", "nine", "X", "one", "two", "zero", "three", "zero", "seven"]}