{"google": ["X", "X", "X", "X", "X", "X", "0", "X", "0", "7"], "sphinx_fil": ["X", "X", "9", "X", "1", "X", "0", "X", "X", "X"], "wit": ["hello", "", "nine", "who", "one", "who", "no", "three", "hello", "seven"], "time3": 2.3546619415283203, "time8": 2.106559991836548, "time9": 2.120882034301758, "time4": 1.5492441654205322, "time5": 2.354954957962036, "time6": 1.8774030208587646, "time7": 1.7574059963226318, "time0": 2.1677539348602295, "time1": 2.738131046295166, "time2": 1.5635991096496582, "googleCloud_fil": ["X", "X", "9", "X", "1", "2", "0", "3", "0", "7"], "final": "2992120307", "total_time": 20.752585887908936, "bing_fil": ["2", "9", "9", "X", "X", "X", "X", "X", "X", "7"], "houndify": ["X", "X", "X", "X", "X", "X", "X", "X", "X", "X"], "wit_fil": ["0", "X", "9", "2", "1", "2", "9", "3", "0", "7"], "googleCloud": ["X", "X", "nine", "X", "one", "two", "zero", "three", "zero", "seven"], "sphinx": ["ooh", "now i", "nine", "good", "juan", "do you", "bill", "goody", "and you home", "that is"], "ibm": ["to", "nine", "nine", "there", "one", "you", "zero", "every", "zero", "that"], "google_fil": ["X", "X", "X", "X", "X", "X", "0", "X", "0", "7"], "bing": ["who", "nine", "nine", "X", "X", "X", "X", "X", "X", "seven"], "ibm_fil": ["2", "9", "9", "X", "1", "X", "0", "X", "0", "X"], "houndify_fil": ["X", "X", "X", "X", "X", "X", "X", "X", "X", "X"]}