{"bing_fil": ["888", "9", "44", "99", "8", "77", null, null, null, "11"], "google": ["X", "Lowe's", "X", "time", "X", "7", "X", "X", "X", "1"], "sphinx": ["they", "men", "good", "none", "they", "and then", "good", "they", "the way in", "no"], "ibm": ["eight", "nine", "for", "nine", "a", "and then", "really", "they", "we", "one"], "google_fil": [null, null, null, null, null, "77", null, null, null, "11"], "wit": ["eight", "", "four", "nine", "", "seven", "three", "", "three", "one"], "bing": ["eight", "no", "four", "nine", "hey", "seven", "X", "baby", "X", "one"], "sphinx_fil": ["8", null, null, "9", "8", null, null, "8", null, "9"], "googleCloud_fil": ["888", null, null, "99", null, "77", null, null, "33", "11"], "wit_fil": ["888", null, "44", "99", null, "77", "33", null, "33", "11"], "ibm_fil": ["888", "99", "44", "99", "8", null, "3", "8", "33", "11"], "final": "8949873831", "googleCloud": ["eight", "small", "X", "nine", "X", "seven", "X", "X", "three", "one"]}