{"google": ["X", "Lowe's", "X", "time", "X", "7", "X", "X", "X", "1"], "sphinx_fil": ["8", "X", "X", "1", "8", "X", "X", "8", "X", "9"], "wit": ["eight", "", "four", "nine", "", "seven", "three", "", "three", "one"], "time3": 2.1362099647521973, "time8": 3.5433828830718994, "time9": 1.846959114074707, "time4": 1.7430529594421387, "time5": 2.2681851387023926, "time6": 2.447885036468506, "time7": 1.5766091346740723, "time0": 1.722810983657837, "time1": 2.3255889415740967, "time2": 3.0932090282440186, "googleCloud_fil": ["8", "X", "X", "9", "X", "7", "X", "X", "3", "1"], "final": "8949873831", "total_time": 22.8734290599823, "bing_fil": ["8", "9", "4", "9", "8", "7", "X", "X", "X", "1"], "houndify": ["X", "X", "X", "X", "X", "X", "X", "X", "X", "X"], "wit_fil": ["8", "X", "4", "9", "X", "7", "3", "X", "3", "1"], "googleCloud": ["eight", "small", "X", "nine", "X", "seven", "X", "X", "three", "one"], "sphinx": ["they", "men", "good", "none", "they", "and then", "good", "they", "the way in", "no"], "ibm": ["eight", "nine", "for", "nine", "a", "and then", "really", "they", "we", "one"], "google_fil": ["X", "X", "X", "X", "X", "7", "X", "X", "X", "1"], "bing": ["eight", "no", "four", "nine", "hey", "seven", "X", "baby", "X", "one"], "ibm_fil": ["8", "9", "4", "9", "8", "X", "X", "8", "X", "1"], "houndify_fil": ["X", "X", "X", "X", "X", "X", "X", "X", "X", "X"]}