{"bing_fil": ["8", "X", "4", "9", "X", "7", "X", "X", "X", "1"], "google": ["X", "Lowe's", "X", "time", "X", "7", "X", "X", "X", "1"], "sphinx": ["they", "men", "good", "none", "they", "and then", "good", "they", "the way in", "no"], "ibm": ["eight", "nine", "for", "nine", "a", "and then", "really", "they", "we", "one"], "google_fil": ["X", "X", "X", "X", "X", "7", "X", "X", "X", "1"], "wit": ["eight", "", "four", "nine", "", "seven", "three", "", "three", "one"], "bing": ["eight", "no", "four", "nine", "hey", "seven", "X", "baby", "X", "one"], "sphinx_fil": ["X", "X", "X", "X", "X", "X", "X", "X", "X", "X"], "googleCloud_fil": ["8", "X", "X", "9", "X", "7", "X", "X", "3", "1"], "wit_fil": ["8", "X", "4", "9", "X", "7", "3", "X", "3", "1"], "ibm_fil": ["8", "9", "4", "9", "X", "X", "X", "X", "X", "1"], "final": "8XX9X7XXX1", "googleCloud": ["eight", "small", "X", "nine", "X", "seven", "X", "X", "three", "one"]}