{"bing_fil": ["1", "7", "X", "5", "X", "5", "X", "4", "3", "8"], "google": ["1", "X", "X", "5", "7", "X", "X", "4", "X", "X"], "sphinx": ["juan", "heaven", "that then", "bye", "going going", "i have", "the", "whew", "the lady", "a button"], "ibm": ["one", "X", "X", "by", "right", "I", "really", "or", "three", "eight"], "google_fil": ["1", "X", "X", "5", "7", "X", "X", "4", "X", "X"], "wit": ["one", "seven", "", "five", "seven", "alright", "three", "", "three", "eight"], "bing": ["one", "seven", "X", "five", "X", "five", "read", "four", "three", "eight"], "sphinx_fil": ["X", "X", "X", "X", "X", "X", "X", "X", "X", "X"], "googleCloud_fil": ["1", "X", "X", "5", "7", "X", "3", "4", "X", "8"], "wit_fil": ["1", "7", "X", "5", "7", "X", "3", "X", "3", "8"], "ibm_fil": ["1", "X", "X", "X", "X", "X", "X", "X", "3", "8"], "final": "1XX57XX4X8", "googleCloud": ["one", "X", "X", "five", "seven", "X", "three", "four", "X", "eight"]}