{"google": ["1", "X", "X", "5", "7", "X", "X", "4", "X", "X"], "sphinx_fil": ["1", "7", "X", "X", "X", "X", "X", "2", "X", "X"], "wit": ["one", "seven", "", "five", "seven", "alright", "three", "", "three", "eight"], "time3": 1.7612709999084473, "time8": 3.222656011581421, "time9": 1.9745450019836426, "time4": 2.535851001739502, "time5": 3.0900750160217285, "time6": 2.0944559574127197, "time7": 3.822472095489502, "time0": 1.6134910583496094, "time1": 1.8709380626678467, "time2": 3.564513921737671, "googleCloud_fil": ["1", "X", "X", "5", "7", "X", "3", "4", "X", "8"], "final": "17X5753438", "total_time": 25.719117879867554, "bing_fil": ["1", "7", "X", "5", "X", "5", "X", "4", "3", "8"], "houndify": ["X", "X", "X", "X", "X", "X", "X", "X", "X", "X"], "wit_fil": ["1", "7", "X", "5", "7", "X", "3", "X", "3", "8"], "googleCloud": ["one", "X", "X", "five", "seven", "X", "three", "four", "X", "eight"], "sphinx": ["juan", "heaven", "that then", "bye", "going going", "i have", "the", "whew", "the lady", "a button"], "ibm": ["one", "X", "X", "by", "right", "I", "really", "or", "three", "eight"], "google_fil": ["1", "X", "X", "5", "7", "X", "X", "4", "X", "X"], "bing": ["one", "seven", "X", "five", "X", "five", "read", "four", "three", "eight"], "ibm_fil": ["1", "X", "X", "X", "X", "X", "X", "4", "3", "8"], "houndify_fil": ["X", "X", "X", "X", "X", "X", "X", "X", "X", "X"]}