{"bing_fil": ["11", "77", null, "55", null, "55", null, "44", "33", "888"], "google": ["1", "X", "X", "5", "7", "X", "X", "4", "X", "X"], "sphinx": ["juan", "heaven", "that then", "bye", "going going", "i have", "the", "whew", "the lady", "a button"], "ibm": ["one", "X", "X", "by", "right", "I", "really", "or", "three", "eight"], "google_fil": ["11", null, null, "55", "77", null, null, "44", null, null], "wit": ["one", "seven", "", "five", "seven", "alright", "three", "", "three", "eight"], "bing": ["one", "seven", "X", "five", "X", "five", "read", "four", "three", "eight"], "sphinx_fil": ["1", "7", null, "59", null, null, null, "2", null, null], "googleCloud_fil": ["11", null, null, "55", "77", null, "33", "44", null, "888"], "wit_fil": ["11", "77", null, "55", "77", null, "33", null, "33", "888"], "ibm_fil": ["11", null, null, "59", null, "59", "3", "44", "33", "888"], "final": "17X5753438", "googleCloud": ["one", "X", "X", "five", "seven", "X", "three", "four", "X", "eight"]}