{"bing_fil": ["5", "X", "X", "X", "0", "2", "X", "X", "4", "X"], "google": ["X", "X", "bye", "X", "0", "X", "X", "X", "X", "X"], "sphinx": ["bye", "bill", "ah", "they", "i don't", "bill", "then", "water", "oh", "they are"], "ibm": ["by", "X", "by", "they", "zero", "you", "in", "one", "or", "it"], "google_fil": ["X", "X", "X", "X", "0", "X", "X", "X", "X", "X"], "wit": ["five", "who", "five", "three", "", "who", "hey", "one", "four", "hey"], "bing": ["five", "X", "X", "X", "zero", "two", "X", "X", "four", "hey"], "sphinx_fil": ["X", "X", "X", "X", "X", "X", "X", "X", "X", "X"], "googleCloud_fil": ["5", "X", "5", "X", "0", "X", "X", "X", "4", "X"], "wit_fil": ["5", "X", "5", "3", "X", "X", "X", "1", "4", "X"], "ibm_fil": ["X", "X", "X", "X", "0", "X", "X", "1", "X", "X"], "final": "XXXX0XXXXX", "googleCloud": ["five", "X", "five", "X", "zero", "X", "X", "X", "four", "X"]}