{"bing_fil": ["55", null, null, null, "00", "22", null, null, "44", "8"], "google": ["X", "X", "bye", "X", "0", "X", "X", "X", "X", "X"], "sphinx": ["bye", "bill", "ah", "they", "i don't", "bill", "then", "water", "oh", "they are"], "ibm": ["by", "X", "by", "they", "zero", "you", "in", "one", "or", "it"], "google_fil": [null, null, "59", null, "00", null, null, null, null, null], "wit": ["five", "who", "five", "three", "", "who", "hey", "one", "four", "hey"], "bing": ["five", "X", "X", "X", "zero", "two", "X", "X", "four", "hey"], "sphinx_fil": ["59", "0", null, "8", null, "0", "8", "8", null, null], "googleCloud_fil": ["55", null, "55", null, "00", null, null, null, "44", null], "wit_fil": ["55", "22", "55", "33", null, "22", "8", "11", "44", "8"], "ibm_fil": ["59", null, "59", "8", "00", "2", null, "11", "44", "68"], "final": "5258028148", "googleCloud": ["five", "X", "five", "X", "zero", "X", "X", "X", "four", "X"]}