{"google": ["X", "X", "bye", "X", "0", "X", "X", "X", "X", "X"], "sphinx_fil": ["X", "0", "X", "8", "X", "0", "X", "8", "X", "X"], "wit": ["five", "who", "five", "three", "", "who", "hey", "one", "four", "hey"], "time3": 2.1273891925811768, "time8": 2.0744569301605225, "time9": 2.9862589836120605, "time4": 2.1444051265716553, "time5": 3.297377109527588, "time6": 1.5981190204620361, "time7": 1.7480740547180176, "time0": 1.6281380653381348, "time1": 1.6152520179748535, "time2": 2.074697971343994, "googleCloud_fil": ["5", "X", "5", "X", "0", "X", "X", "X", "4", "X"], "final": "5058028148", "total_time": 21.492794036865234, "bing_fil": ["5", "X", "X", "X", "0", "2", "X", "X", "4", "8"], "houndify": ["X", "X", "X", "X", "X", "X", "X", "X", "X", "X"], "wit_fil": ["5", "2", "5", "3", "X", "2", "8", "1", "4", "8"], "googleCloud": ["five", "X", "five", "X", "zero", "X", "X", "X", "four", "X"], "sphinx": ["bye", "bill", "ah", "they", "i don't", "bill", "then", "water", "oh", "they are"], "ibm": ["by", "X", "by", "they", "zero", "you", "in", "one", "or", "it"], "google_fil": ["X", "X", "X", "X", "0", "X", "X", "X", "X", "X"], "bing": ["five", "X", "X", "X", "zero", "two", "X", "X", "four", "hey"], "ibm_fil": ["X", "X", "X", "8", "0", "X", "X", "1", "4", "8"], "houndify_fil": ["X", "X", "X", "X", "X", "X", "X", "X", "X", "X"]}