{"bing_fil": ["44", "9", "59", "11", "44", null, "77", "44", "6666", null], "google": ["X", "9", "X", "X", "X", "X", "X", "X", "sex", "X"], "sphinx": ["more", "no i", "the head", "warren", "and i are", "bob", "that and", "whore", "they", "no"], "ibm": ["or", "no I", "by", "one", "for", "are", "better", "for", "there", "so"], "google_fil": [null, "99", null, null, null, null, null, null, "6666", null], "wit": ["four", "nine", "", "one", "four", "what", "", "four", "they", "hello"], "bing": ["four", "no", "hi", "one", "four", "X", "seven", "four", "sex", "X"], "sphinx_fil": ["4", "9", null, null, null, null, null, null, "8", "9"], "googleCloud_fil": ["44", "99", "55", "11", null, null, "77", "44", "6666", null], "wit_fil": ["44", "99", null, "11", "44", null, null, "44", "8", "20"], "ibm_fil": ["44", "9", "59", "11", "44", null, null, "44", null, "2"], "final": "49514X7462", "googleCloud": ["four", "nine", "five", "one", "X", "X", "seven", "four", "six", "X"]}