{"bing_fil": ["4", "X", "X", "1", "4", "X", "7", "4", "X", "X"], "google": ["X", "9", "X", "X", "X", "X", "X", "X", "sex", "X"], "sphinx": ["more", "no i", "the head", "warren", "and i are", "bob", "that and", "whore", "they", "no"], "ibm": ["or", "no I", "by", "one", "for", "are", "better", "for", "there", "so"], "google_fil": ["X", "9", "X", "X", "X", "X", "X", "X", "X", "X"], "wit": ["four", "nine", "", "one", "four", "what", "", "four", "they", "hello"], "bing": ["four", "no", "hi", "one", "four", "X", "seven", "four", "sex", "X"], "sphinx_fil": ["X", "X", "X", "X", "X", "X", "X", "X", "X", "X"], "googleCloud_fil": ["4", "9", "5", "1", "X", "X", "7", "4", "6", "X"], "wit_fil": ["4", "9", "X", "1", "4", "X", "X", "4", "X", "X"], "ibm_fil": ["X", "X", "X", "1", "4", "X", "X", "4", "X", "X"], "final": "X9X1XXX4XX", "googleCloud": ["four", "nine", "five", "one", "X", "X", "seven", "four", "six", "X"]}