{"google": ["X", "9", "X", "X", "X", "X", "X", "X", "sex", "X"], "sphinx_fil": ["4", "9", "X", "X", "X", "X", "X", "X", "8", "9"], "wit": ["four", "nine", "", "one", "four", "what", "", "four", "they", "hello"], "time3": 2.2082839012145996, "time8": 3.0240139961242676, "time9": 2.0754640102386475, "time4": 3.6663248538970947, "time5": 2.297705888748169, "time6": 2.339066982269287, "time7": 2.2686378955841064, "time0": 2.806049108505249, "time1": 2.575314998626709, "time2": 3.158729076385498, "googleCloud_fil": ["4", "9", "5", "1", "X", "X", "7", "4", "6", "X"], "final": "49514X7469", "total_time": 27.069714069366455, "bing_fil": ["4", "9", "X", "1", "4", "X", "7", "4", "6", "X"], "houndify": ["X", "X", "X", "X", "X", "X", "X", "X", "X", "X"], "wit_fil": ["4", "9", "X", "1", "4", "X", "X", "4", "8", "0"], "googleCloud": ["four", "nine", "five", "one", "X", "X", "seven", "four", "six", "X"], "sphinx": ["more", "no i", "the head", "warren", "and i are", "bob", "that and", "whore", "they", "no"], "ibm": ["or", "no I", "by", "one", "for", "are", "better", "for", "there", "so"], "google_fil": ["X", "9", "X", "X", "X", "X", "X", "X", "6", "X"], "bing": ["four", "no", "hi", "one", "four", "X", "seven", "four", "sex", "X"], "ibm_fil": ["4", "9", "X", "1", "4", "X", "X", "4", "X", "X"], "houndify_fil": ["X", "X", "X", "X", "X", "X", "X", "X", "X", "X"]}