{"bing_fil": ["X", "5", "X", "3", "X", "1", "X", "X", "X", "2"], "google": ["X", "5", "X", "3", "now", "1", "X", "X", "X", "X"], "sphinx": ["two", "why", "he asked them", "hurry", "now i", "water", "good", "you know", "boy", "two"], "ibm": ["to", "prior", "not", "very", "nine", "one", "it", "yeah", "or", "to"], "google_fil": ["X", "5", "X", "3", "X", "1", "X", "X", "X", "X"], "wit": ["two", "five", "yeah", "three", "nine", "one", "thank", "yeah", "four", "two"], "bing": ["who", "five", "now", "three", "no", "one", "thanks", "yeah", "porn", "two"], "sphinx_fil": ["2", "X", "X", "X", "X", "X", "X", "X", "X", "2"], "googleCloud_fil": ["X", "5", "X", "3", "9", "1", "6", "X", "4", "X"], "wit_fil": ["2", "5", "X", "3", "9", "1", "X", "X", "4", "2"], "ibm_fil": ["2", "X", "X", "X", "9", "1", "X", "X", "X", "2"], "final": "X5X3X1XXX2", "googleCloud": ["X", "five", "X", "three", "nine", "one", "six", "X", "four", "X"]}