{"bing_fil": ["22", "55", null, "33", "9", "11", "666", "0", "4", "22"], "google": ["X", "5", "X", "3", "now", "1", "X", "X", "X", "X"], "sphinx": ["two", "why", "he asked them", "hurry", "now i", "water", "good", "you know", "boy", "two"], "ibm": ["to", "prior", "not", "very", "nine", "one", "it", "yeah", "or", "to"], "google_fil": [null, "55", null, "33", null, "11", null, null, null, null], "wit": ["two", "five", "yeah", "three", "nine", "one", "thank", "yeah", "four", "two"], "bing": ["who", "five", "now", "three", "no", "one", "thanks", "yeah", "porn", "two"], "sphinx_fil": ["22", "5", null, "3", "9", "8", null, "0", null, "22"], "googleCloud_fil": [null, "55", null, "33", "99", "11", "6666", null, "44", null], "wit_fil": ["22", "55", "0", "33", "99", "11", "6", "0", "44", "22"], "ibm_fil": ["22", null, null, "3", "99", "11", "68", "0", "44", "22"], "final": "2503916042", "googleCloud": ["X", "five", "X", "three", "nine", "one", "six", "X", "four", "X"]}