{"google": ["X", "5", "X", "3", "now", "1", "X", "X", "X", "X"], "sphinx_fil": ["2", "X", "X", "X", "X", "8", "X", "0", "X", "2"], "wit": ["two", "five", "yeah", "three", "nine", "one", "thank", "yeah", "four", "two"], "time3": 2.307116985321045, "time8": 2.3742289543151855, "time9": 3.691046953201294, "time4": 2.4087600708007812, "time5": 2.3171639442443848, "time6": 2.243077039718628, "time7": 2.3360650539398193, "time0": 4.944111108779907, "time1": 5.715186834335327, "time2": 5.242938041687012, "googleCloud_fil": ["X", "5", "X", "3", "9", "1", "6", "X", "4", "X"], "final": "2503916042", "total_time": 34.269960165023804, "bing_fil": ["2", "5", "X", "3", "9", "1", "X", "0", "X", "2"], "houndify": ["X", "X", "X", "X", "X", "X", "X", "X", "X", "X"], "wit_fil": ["2", "5", "0", "3", "9", "1", "X", "0", "4", "2"], "googleCloud": ["X", "five", "X", "three", "nine", "one", "six", "X", "four", "X"], "sphinx": ["two", "why", "he asked them", "hurry", "now i", "water", "good", "you know", "boy", "two"], "ibm": ["to", "prior", "not", "very", "nine", "one", "it", "yeah", "or", "to"], "google_fil": ["X", "5", "X", "3", "X", "1", "X", "X", "X", "X"], "bing": ["who", "five", "now", "three", "no", "one", "thanks", "yeah", "porn", "two"], "ibm_fil": ["2", "X", "X", "3", "9", "1", "8", "0", "4", "2"], "houndify_fil": ["X", "X", "X", "X", "X", "X", "X", "X", "X", "X"]}