{"bing_fil": ["3", "X", "X", "X", "X", "X", "X", "X", "X", "X"], "google": ["3", "X", "7", "9", "X", "X", "X", "4", "X", "X"], "sphinx": ["hurry", "lafayette", "having", "why", "then", "hi", "o. k.", "why", "yes", "bye"], "ibm": ["very", "I", "yeah", "buying", "X", "five", "a", "or", "yeah", "are"], "google_fil": ["3", "X", "7", "9", "X", "X", "X", "4", "X", "X"], "wit": ["three", "hi", "seven", "nine", "", "five", "hey", "", "", "alright"], "bing": ["three", "hi", "X", "X", "X", "X", "A", "or", "yeah", "X"], "sphinx_fil": ["X", "X", "X", "X", "X", "X", "X", "X", "X", "X"], "googleCloud_fil": ["3", "X", "7", "9", "7", "X", "X", "4", "X", "X"], "wit_fil": ["3", "X", "7", "9", "X", "5", "X", "X", "X", "X"], "ibm_fil": ["X", "X", "X", "X", "X", "5", "X", "X", "X", "X"], "final": "3X79XXXXXX", "googleCloud": ["three", "X", "seven", "nine", "seven", "X", "X", "four", "X", "X"]}