{"google": ["3", "X", "7", "9", "X", "X", "X", "4", "X", "X"], "sphinx_fil": ["X", "X", "X", "X", "X", "X", "X", "X", "X", "X"], "wit": ["three", "hi", "seven", "nine", "", "five", "hey", "", "", "alright"], "time3": 2.1897130012512207, "time8": 2.026059865951538, "time9": 3.5474579334259033, "time4": 2.783100128173828, "time5": 1.7021691799163818, "time6": 3.482645034790039, "time7": 1.492691993713379, "time0": 2.1437370777130127, "time1": 1.9607439041137695, "time2": 2.162674903869629, "googleCloud_fil": ["3", "X", "7", "9", "7", "X", "X", "4", "X", "X"], "final": "3X7975840X", "total_time": 23.691134929656982, "bing_fil": ["3", "X", "X", "X", "X", "X", "8", "4", "0", "X"], "houndify": ["X", "X", "X", "X", "X", "X", "X", "X", "X", "X"], "wit_fil": ["3", "X", "7", "9", "X", "5", "8", "X", "X", "X"], "googleCloud": ["three", "X", "seven", "nine", "seven", "X", "X", "four", "X", "X"], "sphinx": ["hurry", "lafayette", "having", "why", "then", "hi", "o. k.", "why", "yes", "bye"], "ibm": ["very", "I", "yeah", "buying", "X", "five", "a", "or", "yeah", "are"], "google_fil": ["3", "X", "7", "9", "X", "X", "X", "4", "X", "X"], "bing": ["three", "hi", "X", "X", "X", "X", "A", "or", "yeah", "X"], "ibm_fil": ["3", "X", "0", "X", "X", "5", "8", "4", "0", "X"], "houndify_fil": ["X", "X", "X", "X", "X", "X", "X", "X", "X", "X"]}