{"bing_fil": ["33", "59", null, null, null, null, "8", "44", "0", null], "google": ["3", "X", "7", "9", "X", "X", "X", "4", "X", "X"], "sphinx": ["hurry", "lafayette", "having", "why", "then", "hi", "o. k.", "why", "yes", "bye"], "ibm": ["very", "I", "yeah", "buying", "X", "five", "a", "or", "yeah", "are"], "google_fil": ["33", null, "77", "99", null, null, null, "44", null, null], "wit": ["three", "hi", "seven", "nine", "", "five", "hey", "", "", "alright"], "bing": ["three", "hi", "X", "X", "X", "X", "A", "or", "yeah", "X"], "sphinx_fil": ["3", null, null, "5", "8", "59", "8", "5", null, "59"], "googleCloud_fil": ["33", null, "77", "99", "77", null, null, "44", null, null], "wit_fil": ["33", "59", "77", "99", null, "55", "8", null, null, null], "ibm_fil": ["3", "59", "0", null, null, "55", "8", "44", "0", null], "final": "3579758405", "googleCloud": ["three", "X", "seven", "nine", "seven", "X", "X", "four", "X", "X"]}