{"bing_fil": ["9", "22", "55", "77", null, "8", "77", "99", "11", "11"], "google": ["X", "X", "X", "X", "X", "date", "7", "9", "wine", "1"], "sphinx": ["now i am", "hey oh", "bye", "then", "what", "hey", "that is", "none", "juan", "why"], "ibm": ["X", "you", "by", "that", "X", "a", "that", "nine", "one", "one"], "google_fil": [null, null, null, null, null, "8", "77", "99", "9", "11"], "wit": ["buy", "two", "buy", "bad", "", "", "for seven", "nine", "one", "one"], "bing": ["night", "who", "five", "seven", "X", "hey", "seven", "nine", "one", "one"], "sphinx_fil": [null, "0", "59", "8", null, "8", null, "9", "1", "5"], "googleCloud_fil": [null, null, null, null, null, "888", null, "99", "11", "11"], "wit_fil": ["59", "22", "59", null, null, null, "7", "99", "11", "11"], "ibm_fil": [null, "2", "59", null, null, "8", null, "99", "11", "11"], "final": "9257X87911", "googleCloud": ["X", "X", "X", "X", "X", "eight", "X", "nine", "one", "one"]}