{"bing_fil": ["X", "X", "5", "7", "X", "X", "7", "9", "1", "1"], "google": ["X", "X", "X", "X", "X", "date", "7", "9", "wine", "1"], "sphinx": ["now i am", "hey oh", "bye", "then", "what", "hey", "that is", "none", "juan", "why"], "ibm": ["X", "you", "by", "that", "X", "a", "that", "nine", "one", "one"], "google_fil": ["X", "X", "X", "X", "X", "X", "7", "9", "X", "1"], "wit": ["buy", "two", "buy", "bad", "", "", "for seven", "nine", "one", "one"], "bing": ["night", "who", "five", "seven", "X", "hey", "seven", "nine", "one", "one"], "sphinx_fil": ["X", "X", "X", "X", "X", "X", "X", "X", "X", "X"], "googleCloud_fil": ["X", "X", "X", "X", "X", "8", "X", "9", "1", "1"], "wit_fil": ["X", "2", "X", "X", "X", "X", "X", "9", "1", "1"], "ibm_fil": ["X", "X", "X", "X", "X", "X", "X", "9", "1", "1"], "final": "XXXXXXX911", "googleCloud": ["X", "X", "X", "X", "X", "eight", "X", "nine", "one", "one"]}