{"google": ["X", "X", "X", "X", "X", "date", "7", "9", "wine", "1"], "sphinx_fil": ["X", "X", "X", "X", "X", "8", "X", "1", "1", "X"], "wit": ["buy", "two", "buy", "bad", "", "", "for seven", "nine", "one", "one"], "time3": 3.515681028366089, "time8": 1.5207040309906006, "time9": 1.582777976989746, "time4": 3.8293159008026123, "time5": 2.5641679763793945, "time6": 2.2436270713806152, "time7": 1.783095121383667, "time0": 1.924072027206421, "time1": 2.2484018802642822, "time2": 1.746948003768921, "googleCloud_fil": ["X", "X", "X", "X", "X", "8", "X", "9", "1", "1"], "final": "9257X87911", "total_time": 23.116787910461426, "bing_fil": ["9", "2", "5", "7", "X", "8", "7", "9", "1", "1"], "houndify": ["X", "X", "X", "X", "X", "X", "X", "X", "X", "X"], "wit_fil": ["X", "2", "X", "X", "X", "X", "7", "9", "1", "1"], "googleCloud": ["X", "X", "X", "X", "X", "eight", "X", "nine", "one", "one"], "sphinx": ["now i am", "hey oh", "bye", "then", "what", "hey", "that is", "none", "juan", "why"], "ibm": ["X", "you", "by", "that", "X", "a", "that", "nine", "one", "one"], "google_fil": ["X", "X", "X", "X", "X", "8", "7", "9", "9", "1"], "bing": ["night", "who", "five", "seven", "X", "hey", "seven", "nine", "one", "one"], "ibm_fil": ["X", "X", "X", "X", "X", "8", "X", "9", "1", "1"], "houndify_fil": ["X", "X", "X", "X", "X", "X", "X", "X", "X", "X"]}