{"bing_fil": ["1", "2", "4", "1", "X", "4", "X", "X", "2", "2"], "google": ["1", "X", "X", "why", "X", "X", "X", "free", "X", "X"], "sphinx": ["was it", "at you", "warren", "why", "the", "hello", "or", "whew", "two", "at noon"], "ibm": ["one", "you", "for", "one", "nine", "or", "or", "really", "to", "you"], "google_fil": ["1", "X", "X", "X", "X", "X", "X", "X", "X", "X"], "wit": ["one", "two", "four", "one", "nine", "four", "or", "three", "two", "two"], "bing": ["one", "two", "four", "one", "my", "four", "or", "X", "two", "two"], "sphinx_fil": ["X", "X", "X", "X", "X", "X", "X", "X", "2", "X"], "googleCloud_fil": ["1", "2", "4", "1", "9", "4", "4", "3", "2", "2"], "wit_fil": ["1", "2", "4", "1", "9", "4", "X", "3", "2", "2"], "ibm_fil": ["1", "X", "4", "1", "9", "X", "X", "X", "2", "X"], "final": "1X41XXXX2X", "googleCloud": ["one", "two", "four", "one", "nine", "four", "four", "three", "two", "two"]}