{"bing_fil": ["11", "22", "44", "11", null, "44", "44", null, "22", "22"], "google": ["1", "X", "X", "why", "X", "X", "X", "free", "X", "X"], "sphinx": ["was it", "at you", "warren", "why", "the", "hello", "or", "whew", "two", "at noon"], "ibm": ["one", "you", "for", "one", "nine", "or", "or", "really", "to", "you"], "google_fil": ["11", null, null, "5", null, null, null, "33", null, null], "wit": ["one", "two", "four", "one", "nine", "four", "or", "three", "two", "two"], "bing": ["one", "two", "four", "one", "my", "four", "or", "X", "two", "two"], "sphinx_fil": [null, null, null, "5", null, "20", "44", "2", "22", null], "googleCloud_fil": ["11", "22", "44", "11", "99", "44", "44", "33", "22", "22"], "wit_fil": ["11", "22", "44", "11", "99", "44", "44", "33", "22", "22"], "ibm_fil": ["11", "2", "44", "11", "99", "44", "44", "3", "22", "2"], "final": "1241944322", "googleCloud": ["one", "two", "four", "one", "nine", "four", "four", "three", "two", "two"]}