{"google": ["1", "X", "X", "why", "X", "X", "X", "free", "X", "X"], "sphinx_fil": ["X", "X", "X", "X", "X", "0", "4", "2", "2", "X"], "wit": ["one", "two", "four", "one", "nine", "four", "or", "three", "two", "two"], "time3": 3.2984039783477783, "time8": 2.779467821121216, "time9": 3.7607979774475098, "time4": 4.924226999282837, "time5": 5.025911808013916, "time6": 1.6894819736480713, "time7": 4.546257972717285, "time0": 1.5901751518249512, "time1": 3.340545892715454, "time2": 3.3026649951934814, "googleCloud_fil": ["1", "2", "4", "1", "9", "4", "4", "3", "2", "2"], "final": "1241944322", "total_time": 34.51391100883484, "bing_fil": ["1", "2", "4", "1", "X", "4", "4", "X", "2", "2"], "houndify": ["X", "X", "X", "X", "X", "X", "X", "X", "X", "X"], "wit_fil": ["1", "2", "4", "1", "9", "4", "4", "3", "2", "2"], "googleCloud": ["one", "two", "four", "one", "nine", "four", "four", "three", "two", "two"], "sphinx": ["was it", "at you", "warren", "why", "the", "hello", "or", "whew", "two", "at noon"], "ibm": ["one", "you", "for", "one", "nine", "or", "or", "really", "to", "you"], "google_fil": ["1", "X", "X", "X", "X", "X", "X", "3", "X", "X"], "bing": ["one", "two", "four", "one", "my", "four", "or", "X", "two", "two"], "ibm_fil": ["1", "X", "4", "1", "9", "4", "4", "X", "2", "X"], "houndify_fil": ["X", "X", "X", "X", "X", "X", "X", "X", "X", "X"]}