{"bing_fil": ["2", "8", "X", "X", "X", "X", "X", "X", "0", "X"], "google": ["X", "8", "great", "X", "X", "X", "X", "X", "0", "X"], "sphinx": ["two", "good", "they are", "one", "why", "i do", "i do", "i am", "the home", "they"], "ibm": ["to", "X", "and", "one", "one", "you", "do", "Allen", "zero", "it"], "google_fil": ["X", "8", "X", "X", "X", "X", "X", "X", "0", "X"], "wit": ["can", "", "hey", "one", "one", "who", "who", "", "", "hey"], "bing": ["two", "eight", "X", "X", "X", "X", "X", "X", "zero", "hey"], "sphinx_fil": ["2", "X", "X", "1", "X", "X", "X", "X", "X", "X"], "googleCloud_fil": ["2", "8", "8", "X", "X", "X", "2", "7", "0", "8"], "wit_fil": ["X", "X", "X", "1", "1", "X", "X", "X", "X", "X"], "ibm_fil": ["2", "X", "X", "1", "1", "X", "X", "X", "0", "X"], "final": "28XXXXXX0X", "googleCloud": ["two", "eight", "eight", "X", "X", "X", "two", "seven", "zero", "eight"]}