{"bing_fil": ["22", "888", null, null, null, null, null, null, "00", "8"], "google": ["X", "8", "great", "X", "X", "X", "X", "X", "0", "X"], "sphinx": ["two", "good", "they are", "one", "why", "i do", "i do", "i am", "the home", "they"], "ibm": ["to", "X", "and", "one", "one", "you", "do", "Allen", "zero", "it"], "google_fil": [null, "888", null, null, null, null, null, null, "00", null], "wit": ["can", "", "hey", "one", "one", "who", "who", "", "", "hey"], "bing": ["two", "eight", "X", "X", "X", "X", "X", "X", "zero", "hey"], "sphinx_fil": ["22", null, null, "11", "5", "2", "2", null, null, "8"], "googleCloud_fil": ["22", "888", "888", null, null, null, "22", "77", "00", "888"], "wit_fil": [null, null, "8", "11", "11", "22", "22", null, null, "8"], "ibm_fil": ["22", null, null, "11", "11", "2", "2", "7", "00", "68"], "final": "2881122708", "googleCloud": ["two", "eight", "eight", "X", "X", "X", "two", "seven", "zero", "eight"]}