{"google": ["X", "8", "great", "X", "X", "X", "X", "X", "0", "X"], "sphinx_fil": ["2", "X", "X", "1", "X", "2", "2", "X", "X", "8"], "wit": ["can", "", "hey", "one", "one", "who", "who", "", "", "hey"], "time3": 2.033627986907959, "time8": 2.385221004486084, "time9": 1.51973295211792, "time4": 2.289634943008423, "time5": 2.5879898071289062, "time6": 1.5115041732788086, "time7": 2.497307062149048, "time0": 2.245857000350952, "time1": 2.155144214630127, "time2": 1.7848191261291504, "googleCloud_fil": ["2", "8", "8", "X", "X", "X", "2", "7", "0", "8"], "final": "2881122708", "total_time": 21.206209182739258, "bing_fil": ["2", "8", "X", "X", "X", "X", "X", "X", "0", "8"], "houndify": ["X", "X", "X", "X", "X", "X", "X", "X", "X", "X"], "wit_fil": ["X", "X", "8", "1", "1", "2", "2", "X", "X", "8"], "googleCloud": ["two", "eight", "eight", "X", "X", "X", "two", "seven", "zero", "eight"], "sphinx": ["two", "good", "they are", "one", "why", "i do", "i do", "i am", "the home", "they"], "ibm": ["to", "X", "and", "one", "one", "you", "do", "Allen", "zero", "it"], "google_fil": ["X", "8", "X", "X", "X", "X", "X", "X", "0", "X"], "bing": ["two", "eight", "X", "X", "X", "X", "X", "X", "zero", "hey"], "ibm_fil": ["2", "X", "X", "1", "1", "X", "2", "7", "0", "8"], "houndify_fil": ["X", "X", "X", "X", "X", "X", "X", "X", "X", "X"]}