{"bing_fil": ["9", null, "22", "33", null, "11", "6666", null, null, "0"], "google": ["X", "4", "X", "X", "X", "X", "X", "free", "X", "X"], "sphinx": ["and i", "cool and", "you do", "you", "oh", "one", "they did with", "lee", "they are", "you know"], "ibm": ["not", "for", "do", "we", "there", "one", "thank", "we", "X", "yeah"], "google_fil": [null, "44", null, null, null, null, null, "33", null, null], "wit": ["yeah", "four", "who", "during", "", "one", "what", "three", "", ""], "bing": ["no", "sure", "who", "three", "X", "one", "sex", "X", "fix", "yeah"], "sphinx_fil": [null, null, "2", "2", null, "11", null, "3", null, "0"], "googleCloud_fil": [null, "44", null, null, null, null, null, "33", null, null], "wit_fil": ["0", "44", "22", "39", null, "11", null, "33", null, null], "ibm_fil": [null, "44", "2", "33", null, "11", "6", "33", null, "0"], "final": "0423X163X0", "googleCloud": ["X", "four", "X", "X", "X", "X", "X", "three", "X", "X"]}