{"bing_fil": ["X", "X", "X", "3", "X", "1", "X", "X", "X", "X"], "google": ["X", "4", "X", "X", "X", "X", "X", "free", "X", "X"], "sphinx": ["and i", "cool and", "you do", "you", "oh", "one", "they did with", "lee", "they are", "you know"], "ibm": ["not", "for", "do", "we", "there", "one", "thank", "we", "X", "yeah"], "google_fil": ["X", "4", "X", "X", "X", "X", "X", "X", "X", "X"], "wit": ["yeah", "four", "who", "during", "", "one", "what", "three", "", ""], "bing": ["no", "sure", "who", "three", "X", "one", "sex", "X", "fix", "yeah"], "sphinx_fil": ["X", "X", "X", "X", "X", "1", "X", "X", "X", "X"], "googleCloud_fil": ["X", "4", "X", "X", "X", "X", "X", "3", "X", "X"], "wit_fil": ["X", "4", "X", "X", "X", "1", "X", "3", "X", "X"], "ibm_fil": ["X", "4", "X", "X", "X", "1", "X", "X", "X", "X"], "final": "X4XXX1XXXX", "googleCloud": ["X", "four", "X", "X", "X", "X", "X", "three", "X", "X"]}