{"google": ["X", "4", "X", "X", "X", "X", "X", "free", "X", "X"], "sphinx_fil": ["X", "X", "2", "X", "X", "1", "X", "3", "X", "0"], "wit": ["yeah", "four", "who", "during", "", "one", "what", "three", "", ""], "time3": 3.0185799598693848, "time8": 3.882267951965332, "time9": 3.3972220420837402, "time4": 3.0826969146728516, "time5": 2.0124220848083496, "time6": 2.811311960220337, "time7": 3.0462050437927246, "time0": 2.831669807434082, "time1": 1.7008280754089355, "time2": 1.9492838382720947, "googleCloud_fil": ["X", "4", "X", "X", "X", "X", "X", "3", "X", "X"], "final": "0423X16360", "total_time": 27.891767978668213, "bing_fil": ["9", "X", "2", "3", "X", "1", "6", "X", "6", "0"], "houndify": ["X", "X", "X", "X", "X", "X", "X", "X", "X", "X"], "wit_fil": ["0", "4", "2", "9", "X", "1", "X", "3", "X", "X"], "googleCloud": ["X", "four", "X", "X", "X", "X", "X", "three", "X", "X"], "sphinx": ["and i", "cool and", "you do", "you", "oh", "one", "they did with", "lee", "they are", "you know"], "ibm": ["not", "for", "do", "we", "there", "one", "thank", "we", "X", "yeah"], "google_fil": ["X", "4", "X", "X", "X", "X", "X", "3", "X", "X"], "bing": ["no", "sure", "who", "three", "X", "one", "sex", "X", "fix", "yeah"], "ibm_fil": ["X", "4", "2", "X", "X", "1", "X", "X", "X", "0"], "houndify_fil": ["X", "X", "X", "X", "X", "X", "X", "X", "X", "X"]}