{"bing_fil": ["1", "7", "X", "X", "2", "7", "X", "X", "X", "7"], "google": ["X", "weather", "date", "X", "X", "X", "X", "sex", "X", "X"], "sphinx": ["one", "eleven", "a lot", "now a", "and i do", "then", "the end", "at", "oh", "let it"], "ibm": ["one", "Irvine", "eight", "nine", "to", "X", "X", "right", "X", "that"], "google_fil": ["X", "X", "X", "X", "X", "X", "X", "X", "X", "X"], "wit": ["one", "seven", "", "nine", "two", "seven", "", "thanks", "hello", "seven"], "bing": ["one", "seven", "face", "no", "two", "seven", "X", "sex", "X", "seven"], "sphinx_fil": ["1", "X", "X", "X", "X", "X", "X", "X", "X", "X"], "googleCloud_fil": ["1", "7", "8", "9", "2", "X", "X", "6", "X", "X"], "wit_fil": ["1", "7", "X", "9", "2", "7", "X", "X", "X", "7"], "ibm_fil": ["1", "X", "8", "9", "2", "X", "X", "X", "X", "X"], "final": "1XXX2XXXXX", "googleCloud": ["one", "seven", "eight", "nine", "two", "X", "X", "six", "X", "X"]}