{"bing_fil": ["11", "77", null, "9", "22", "77", null, "6666", null, "77"], "google": ["X", "weather", "date", "X", "X", "X", "X", "sex", "X", "X"], "sphinx": ["one", "eleven", "a lot", "now a", "and i do", "then", "the end", "at", "oh", "let it"], "ibm": ["one", "Irvine", "eight", "nine", "to", "X", "X", "right", "X", "that"], "google_fil": [null, "7", "8", null, null, null, null, "6666", null, null], "wit": ["one", "seven", "", "nine", "two", "seven", "", "thanks", "hello", "seven"], "bing": ["one", "seven", "face", "no", "two", "seven", "X", "sex", "X", "seven"], "sphinx_fil": ["11", "7", null, null, "2", "8", null, null, null, null], "googleCloud_fil": ["11", "77", "888", "99", "22", null, null, "6666", null, null], "wit_fil": ["11", "77", null, "99", "22", "77", null, "666", "20", "77"], "ibm_fil": ["11", "9", "888", "99", "22", null, null, null, null, null], "final": "178927X627", "googleCloud": ["one", "seven", "eight", "nine", "two", "X", "X", "six", "X", "X"]}