{"google": ["X", "weather", "date", "X", "X", "X", "X", "sex", "X", "X"], "sphinx_fil": ["1", "7", "X", "X", "2", "X", "X", "X", "X", "X"], "wit": ["one", "seven", "", "nine", "two", "seven", "", "thanks", "hello", "seven"], "time3": 2.5979788303375244, "time8": 2.7378311157226562, "time9": 4.206033945083618, "time4": 10.327433109283447, "time5": 6.332547903060913, "time6": 5.063240051269531, "time7": 4.078362941741943, "time0": 2.5051920413970947, "time1": 3.561022996902466, "time2": 4.780277967453003, "googleCloud_fil": ["1", "7", "8", "9", "2", "X", "X", "6", "X", "X"], "final": "178927X607", "total_time": 46.922147035598755, "bing_fil": ["1", "7", "X", "9", "2", "7", "X", "6", "X", "7"], "houndify": ["X", "X", "X", "X", "X", "X", "X", "X", "X", "X"], "wit_fil": ["1", "7", "X", "9", "2", "7", "X", "X", "0", "7"], "googleCloud": ["one", "seven", "eight", "nine", "two", "X", "X", "six", "X", "X"], "sphinx": ["one", "eleven", "a lot", "now a", "and i do", "then", "the end", "at", "oh", "let it"], "ibm": ["one", "Irvine", "eight", "nine", "to", "X", "X", "right", "X", "that"], "google_fil": ["X", "X", "8", "X", "X", "X", "X", "6", "X", "X"], "bing": ["one", "seven", "face", "no", "two", "seven", "X", "sex", "X", "seven"], "ibm_fil": ["1", "9", "8", "9", "2", "X", "X", "X", "X", "X"], "houndify_fil": ["X", "X", "X", "X", "X", "X", "X", "X", "X", "X"]}