{"google": ["X", "free", "X", "score", "X", "X", "X", "X", "X", "Hyatt"], "sphinx_fil": ["2", "X", "X", "X", "1", "8", "X", "0", "1", "X"], "wit": ["who", "three", "three", "what", "one", "", "hi", "lol", "nine", "hi"], "time3": 3.22267484664917, "time8": 2.3645529747009277, "time9": 3.7606680393218994, "time4": 17.632440090179443, "time5": 4.271431922912598, "time6": 3.56548810005188, "time7": 2.9152309894561768, "time0": 2.8499369621276855, "time1": 5.581578969955444, "time2": 5.7362282276153564, "googleCloud_fil": ["2", "3", "X", "4", "1", "8", "5", "X", "9", "5"], "final": "2334185495", "total_time": 52.337708950042725, "bing_fil": ["2", "3", "X", "X", "X", "8", "X", "4", "1", "5"], "houndify": ["X", "X", "X", "X", "X", "X", "X", "X", "X", "X"], "wit_fil": ["2", "3", "3", "X", "1", "X", "X", "X", "9", "X"], "googleCloud": ["two", "three", "X", "four", "one", "eight", "five", "X", "nine", "five"], "sphinx": ["i do", "what are they", "and it", "why", "one", "they", "bye", "hello", "none", "hi"], "ibm": ["to", "very", "we", "or", "one", "a", "I", "or", "nine", "I"], "google_fil": ["X", "3", "X", "X", "X", "X", "X", "X", "X", "X"], "bing": ["who", "free", "X", "X", "X", "A", "i", "four", "done", "five"], "ibm_fil": ["2", "3", "X", "4", "1", "8", "X", "4", "9", "X"], "houndify_fil": ["X", "X", "X", "X", "X", "X", "X", "X", "X", "X"]}