{"bing_fil": ["22", "33", null, null, null, "8", "59", "44", null, "55"], "google": ["X", "free", "X", "score", "X", "X", "X", "X", "X", "Hyatt"], "sphinx": ["i do", "what are they", "and it", "why", "one", "they", "bye", "hello", "none", "hi"], "ibm": ["to", "very", "we", "or", "one", "a", "I", "or", "nine", "I"], "google_fil": [null, "33", null, null, null, null, null, null, null, null], "wit": ["who", "three", "three", "what", "one", "", "hi", "lol", "nine", "hi"], "bing": ["who", "free", "X", "X", "X", "A", "i", "four", "done", "five"], "sphinx_fil": ["2", null, null, "5", "11", "8", "59", "20", "9", "59"], "googleCloud_fil": ["22", "33", null, "44", "11", "888", "55", null, "99", "55"], "wit_fil": ["22", "33", "33", null, "11", null, "59", null, "99", "59"], "ibm_fil": ["22", "3", "33", "44", "11", "8", "59", "44", "99", "59"], "final": "2334185495", "googleCloud": ["two", "three", "X", "four", "one", "eight", "five", "X", "nine", "five"]}