{"bing_fil": ["X", "X", "X", "X", "X", "X", "X", "4", "X", "5"], "google": ["X", "free", "X", "score", "X", "X", "X", "X", "X", "Hyatt"], "sphinx": ["i do", "what are they", "and it", "why", "one", "they", "bye", "hello", "none", "hi"], "ibm": ["to", "very", "we", "or", "one", "a", "I", "or", "nine", "I"], "google_fil": ["X", "X", "X", "X", "X", "X", "X", "X", "X", "X"], "wit": ["who", "three", "three", "what", "one", "", "hi", "lol", "nine", "hi"], "bing": ["who", "free", "X", "X", "X", "A", "i", "four", "done", "five"], "sphinx_fil": ["X", "X", "X", "X", "1", "X", "X", "X", "X", "X"], "googleCloud_fil": ["2", "3", "X", "4", "1", "8", "5", "X", "9", "5"], "wit_fil": ["X", "3", "3", "X", "1", "X", "X", "X", "9", "X"], "ibm_fil": ["2", "X", "X", "X", "1", "X", "X", "X", "9", "X"], "final": "XXXX1XXXXX", "googleCloud": ["two", "three", "X", "four", "one", "eight", "five", "X", "nine", "five"]}