{"google": ["X", "X", "X", "X", "X", "1", "X", "1", "X", "heaven"], "sphinx_fil": ["9", "X", "X", "X", "X", "X", "X", "X", "X", "X"], "wit": ["nine", "hi", "five", "seven", "seven", "why", "what", "one", "three", "hello"], "time3": 2.943181037902832, "time8": 2.0065970420837402, "time9": 2.1850039958953857, "time4": 3.006840944290161, "time5": 2.051563024520874, "time6": 2.0866830348968506, "time7": 1.7838010787963867, "time0": 1.6059041023254395, "time1": 5.300559043884277, "time2": 2.0559120178222656, "googleCloud_fil": ["X", "X", "X", "X", "X", "1", "5", "1", "3", "7"], "final": "9557715137", "total_time": 25.19932723045349, "bing_fil": ["X", "5", "5", "X", "7", "1", "5", "1", "3", "7"], "houndify": ["X", "X", "X", "X", "X", "X", "X", "X", "X", "X"], "wit_fil": ["9", "X", "5", "7", "7", "X", "X", "1", "3", "0"], "googleCloud": ["X", "X", "X", "X", "X", "one", "five", "one", "three", "seven"], "sphinx": ["nine", "ah a", "bye", "the end", "to who", "your honor", "let him", "why", "the", "and then"], "ibm": ["X", "I", "five", "but I", "X", "Orin", "five", "one", "we", "and then"], "google_fil": ["X", "X", "X", "X", "X", "1", "X", "1", "X", "7"], "bing": ["X", "five", "five", "X", "seven", "one", "five", "one", "free", "seven"], "ibm_fil": ["X", "X", "5", "X", "X", "X", "5", "1", "X", "X"], "houndify_fil": ["X", "X", "X", "X", "X", "X", "X", "X", "X", "X"]}