{"bing_fil": [null, "55", "55", null, "77", "11", "55", "11", "33", "77"], "google": ["X", "X", "X", "X", "X", "1", "X", "1", "X", "heaven"], "sphinx": ["nine", "ah a", "bye", "the end", "to who", "your honor", "let him", "why", "the", "and then"], "ibm": ["X", "I", "five", "but I", "X", "Orin", "five", "one", "we", "and then"], "google_fil": [null, null, null, null, null, "11", null, "11", null, "7"], "wit": ["nine", "hi", "five", "seven", "seven", "why", "what", "one", "three", "hello"], "bing": ["X", "five", "five", "X", "seven", "one", "five", "one", "free", "seven"], "sphinx_fil": ["99", null, "59", null, null, null, null, "5", null, null], "googleCloud_fil": [null, null, null, null, null, "11", "55", "11", "33", "77"], "wit_fil": ["99", "59", "55", "77", "77", "5", null, "11", "33", "20"], "ibm_fil": [null, "59", "55", null, null, null, "55", "11", "33", null], "final": "9557715137", "googleCloud": ["X", "X", "X", "X", "X", "one", "five", "one", "three", "seven"]}