{"bing_fil": ["X", "5", "5", "X", "7", "1", "5", "1", "X", "7"], "google": ["X", "X", "X", "X", "X", "1", "X", "1", "X", "heaven"], "sphinx": ["nine", "ah a", "bye", "the end", "to who", "your honor", "let him", "why", "the", "and then"], "ibm": ["X", "I", "five", "but I", "X", "Orin", "five", "one", "we", "and then"], "google_fil": ["X", "X", "X", "X", "X", "1", "X", "1", "X", "X"], "wit": ["nine", "hi", "five", "seven", "seven", "why", "what", "one", "three", "hello"], "bing": ["X", "five", "five", "X", "seven", "one", "five", "one", "free", "seven"], "sphinx_fil": ["9", "X", "X", "X", "X", "X", "X", "X", "X", "X"], "googleCloud_fil": ["X", "X", "X", "X", "X", "1", "5", "1", "3", "7"], "wit_fil": ["9", "X", "5", "7", "7", "X", "X", "1", "3", "X"], "ibm_fil": ["X", "X", "5", "X", "X", "X", "5", "1", "X", "X"], "final": "XXXXX1X1XX", "googleCloud": ["X", "X", "X", "X", "X", "one", "five", "one", "three", "seven"]}