{"bing_fil": ["X", "X", "X", "X", "X", "5", "X", "1", "7", "X"], "google": ["3", "free", "X", "X", "X", "X", "3", "why", "7", "X"], "sphinx": ["hey", "they", "ah i do", "it knew", "bye", "was it", "they", "the water", "that end", "i tell you"], "ibm": ["very", "through", "I", "that", "by", "are", "very", "we want", "seven", "nine"], "google_fil": ["3", "X", "X", "X", "X", "X", "3", "X", "7", "X"], "wit": ["the", "hey", "buy", "set", "five", "five", "three", "i want", "", "nine"], "bing": ["X", "X", "X", "sex", "bye", "five", "siri", "one", "seven", "X"], "sphinx_fil": ["X", "X", "X", "X", "X", "X", "X", "X", "X", "X"], "googleCloud_fil": ["3", "3", "X", "X", "X", "5", "3", "1", "7", "X"], "wit_fil": ["X", "X", "X", "X", "5", "5", "3", "X", "X", "9"], "ibm_fil": ["X", "X", "X", "X", "X", "X", "X", "X", "7", "9"], "final": "XXXXXX3X7X", "googleCloud": ["three", "three", "X", "X", "X", "five", "three", "one", "seven", "X"]}