{"bing_fil": [null, null, null, "6666", "59", "55", "3", "11", "77", null], "google": ["3", "free", "X", "X", "X", "X", "3", "why", "7", "X"], "sphinx": ["hey", "they", "ah i do", "it knew", "bye", "was it", "they", "the water", "that end", "i tell you"], "ibm": ["very", "through", "I", "that", "by", "are", "very", "we want", "seven", "nine"], "google_fil": ["33", "33", null, null, null, null, "33", "5", "77", null], "wit": ["the", "hey", "buy", "set", "five", "five", "three", "i want", "", "nine"], "bing": ["X", "X", "X", "sex", "bye", "five", "siri", "one", "seven", "X"], "sphinx_fil": ["8", "8", "2", "2", "59", null, "8", "8", null, null], "googleCloud_fil": ["33", "33", null, null, null, "55", "33", "11", "77", null], "wit_fil": [null, "8", "59", "6666", "55", "55", "33", null, null, "99"], "ibm_fil": ["3", null, "59", null, "59", null, "3", null, "77", "99"], "final": "3356553179", "googleCloud": ["three", "three", "X", "X", "X", "five", "three", "one", "seven", "X"]}