{"google": ["3", "free", "X", "X", "X", "X", "3", "why", "7", "X"], "sphinx_fil": ["8", "8", "2", "2", "X", "X", "8", "8", "X", "X"], "wit": ["the", "hey", "buy", "set", "five", "five", "three", "i want", "", "nine"], "time3": 2.798834800720215, "time8": 1.902169942855835, "time9": 1.6804170608520508, "time4": 1.7529661655426025, "time5": 2.0839340686798096, "time6": 2.785964012145996, "time7": 1.8428449630737305, "time0": 2.080518960952759, "time1": 2.5128610134124756, "time2": 2.171968936920166, "googleCloud_fil": ["3", "3", "X", "X", "X", "5", "3", "1", "7", "X"], "final": "3326553179", "total_time": 21.77914309501648, "bing_fil": ["X", "X", "X", "6", "X", "5", "3", "1", "7", "X"], "houndify": ["X", "X", "X", "X", "X", "X", "X", "X", "X", "X"], "wit_fil": ["X", "8", "X", "6", "5", "5", "3", "X", "X", "9"], "googleCloud": ["three", "three", "X", "X", "X", "five", "three", "one", "seven", "X"], "sphinx": ["hey", "they", "ah i do", "it knew", "bye", "was it", "they", "the water", "that end", "i tell you"], "ibm": ["very", "through", "I", "that", "by", "are", "very", "we want", "seven", "nine"], "google_fil": ["3", "3", "X", "X", "X", "X", "3", "X", "7", "X"], "bing": ["X", "X", "X", "sex", "bye", "five", "siri", "one", "seven", "X"], "ibm_fil": ["3", "X", "X", "X", "X", "X", "3", "X", "7", "9"], "houndify_fil": ["X", "X", "X", "X", "X", "X", "X", "X", "X", "X"]}