{"bing_fil": ["55", null, "00", "888", "9", "6666", "22", null, "00", "33"], "google": ["X", "X", "hero", "X", "small", "X", "X", "open", "0", "free"], "sphinx": ["all right", "they don't", "to you know", "they had", "huang", "the", "two", "that then", "hillel and i", "hurry"], "ibm": ["are", "X", "zero", "a", "nine", "yeah", "to", "that is", "you are", "very"], "google_fil": [null, null, "0", null, null, null, null, null, "00", "33"], "wit": ["five", "", "how do", "", "hey", "six", "who", "seven", "you", "three"], "bing": ["five", "X", "zero", "eight", "no", "sex", "two", "set an", "zero", "three"], "sphinx_fil": [null, "0", null, null, null, null, "22", null, null, "3"], "googleCloud_fil": ["55", "888", "00", "888", null, "6666", "22", "77", "00", "33"], "wit_fil": ["55", null, "2", null, "8", "6666", "22", "77", "2", "33"], "ibm_fil": [null, null, "00", "8", "99", "0", "22", null, null, "3"], "final": "5808962703", "googleCloud": ["five", "eight", "zero", "eight", "small", "six", "two", "seven", "zero", "three"]}