{"google": ["X", "X", "hero", "X", "small", "X", "X", "open", "0", "free"], "sphinx_fil": ["X", "0", "X", "X", "X", "X", "2", "X", "X", "X"], "wit": ["five", "", "how do", "", "hey", "six", "who", "seven", "you", "three"], "time3": 2.4160609245300293, "time8": 3.0005571842193604, "time9": 2.4422929286956787, "time4": 3.888627052307129, "time5": 2.949352979660034, "time6": 1.9168548583984375, "time7": 8.046253204345703, "time0": 4.3620500564575195, "time1": 5.646101951599121, "time2": 3.7824602127075195, "googleCloud_fil": ["5", "8", "0", "8", "X", "6", "2", "7", "0", "3"], "final": "5808962703", "total_time": 38.65493202209473, "bing_fil": ["5", "X", "0", "8", "9", "6", "2", "X", "0", "3"], "houndify": ["X", "X", "X", "X", "X", "X", "X", "X", "X", "X"], "wit_fil": ["5", "X", "2", "X", "8", "6", "2", "7", "X", "3"], "googleCloud": ["five", "eight", "zero", "eight", "small", "six", "two", "seven", "zero", "three"], "sphinx": ["all right", "they don't", "to you know", "they had", "huang", "the", "two", "that then", "hillel and i", "hurry"], "ibm": ["are", "X", "zero", "a", "nine", "yeah", "to", "that is", "you are", "very"], "google_fil": ["X", "X", "0", "X", "X", "X", "X", "X", "0", "3"], "bing": ["five", "X", "zero", "eight", "no", "sex", "two", "set an", "zero", "three"], "ibm_fil": ["X", "X", "0", "8", "9", "0", "2", "X", "X", "3"], "houndify_fil": ["X", "X", "X", "X", "X", "X", "X", "X", "X", "X"]}