{"bing_fil": ["5", "X", "0", "8", "X", "X", "2", "X", "0", "3"], "google": ["X", "X", "hero", "X", "small", "X", "X", "open", "0", "free"], "sphinx": ["all right", "they don't", "to you know", "they had", "huang", "the", "two", "that then", "hillel and i", "hurry"], "ibm": ["are", "X", "zero", "a", "nine", "yeah", "to", "that is", "you are", "very"], "google_fil": ["X", "X", "X", "X", "X", "X", "X", "X", "0", "X"], "wit": ["five", "", "how do", "", "hey", "six", "who", "seven", "you", "three"], "bing": ["five", "X", "zero", "eight", "no", "sex", "two", "set an", "zero", "three"], "sphinx_fil": ["X", "X", "X", "X", "X", "X", "2", "X", "X", "X"], "googleCloud_fil": ["5", "8", "0", "8", "X", "6", "2", "7", "0", "3"], "wit_fil": ["5", "X", "X", "X", "X", "6", "X", "7", "X", "3"], "ibm_fil": ["X", "X", "0", "X", "9", "X", "2", "X", "X", "X"], "final": "XXXXXX2X0X", "googleCloud": ["five", "eight", "zero", "eight", "small", "six", "two", "seven", "zero", "three"]}