{"bing_fil": [null, null, null, null, "55", null, "22", "59", null, null], "google": ["X", "brick", "X", "X", "X", "Kevin", "X", "bye", "X", "X"], "sphinx": ["nine", "to", "oh", "good", "bye", "the", "hey lou", "i am", "lou", "alan"], "ibm": ["nine", "for", "or", "or", "five", "that", "to", "I", "really", "X"], "google_fil": [null, "6", null, null, null, null, null, "59", null, null], "wit": ["nine", "six", "four", "hello", "five", "seven", "who", "buy", "three", ""], "bing": ["X", "X", "X", "X", "five", "X", "two", "bye", "X", "time"], "sphinx_fil": ["99", "22", null, null, "59", null, null, null, "2", null], "googleCloud_fil": [null, "6", null, null, null, "77", null, "55", null, "55"], "wit_fil": ["99", "6666", "44", "20", "55", "77", "22", "59", "33", null], "ibm_fil": ["99", "44", "44", "44", "55", null, "22", "59", "3", null], "final": "9644572535", "googleCloud": ["X", "brick", "X", "X", "X", "seven", "news", "five", "X", "five"]}