{"google": ["X", "brick", "X", "X", "X", "Kevin", "X", "bye", "X", "X"], "sphinx_fil": ["9", "2", "X", "X", "X", "X", "X", "X", "X", "X"], "wit": ["nine", "six", "four", "hello", "five", "seven", "who", "buy", "three", ""], "time3": 1.9076220989227295, "time8": 1.8419268131256104, "time9": 1.7276391983032227, "time4": 2.0988619327545166, "time5": 2.1986401081085205, "time6": 2.0664379596710205, "time7": 2.772367000579834, "time0": 1.7618141174316406, "time1": 2.8039920330047607, "time2": 2.14798903465271, "googleCloud_fil": ["X", "6", "X", "X", "X", "7", "X", "5", "X", "5"], "final": "9644572535", "total_time": 21.505492210388184, "bing_fil": ["X", "X", "X", "X", "5", "X", "2", "X", "X", "X"], "houndify": ["X", "X", "X", "X", "X", "X", "X", "X", "X"], "wit_fil": ["9", "6", "4", "0", "5", "7", "2", "X", "3", "X"], "googleCloud": ["X", "brick", "X", "X", "X", "seven", "news", "five", "X", "five"], "sphinx": ["nine", "to", "oh", "good", "bye", "the", "hey lou", "i am", "lou", "alan"], "ibm": ["nine", "for", "or", "or", "five", "that", "to", "I", "really", "X"], "google_fil": ["X", "6", "X", "X", "X", "X", "X", "X", "X", "X"], "bing": ["X", "X", "X", "X", "five", "X", "two", "bye", "X", "time"], "ibm_fil": ["9", "4", "4", "4", "5", "X", "2", "X", "X", "X"], "houndify_fil": ["X", "X", "X", "X", "X", "X", "X", "X", "X"]}