{"bing_fil": ["X", "X", "X", "X", "5", "X", "2", "X", "X", "X"], "google": ["X", "brick", "X", "X", "X", "Kevin", "X", "bye", "X", "X"], "sphinx": ["nine", "to", "oh", "good", "bye", "the", "hey lou", "i am", "lou", "alan"], "ibm": ["nine", "for", "or", "or", "five", "that", "to", "I", "really", "X"], "google_fil": ["X", "X", "X", "X", "X", "X", "X", "X", "X", "X"], "wit": ["nine", "six", "four", "hello", "five", "seven", "who", "buy", "three", ""], "bing": ["X", "X", "X", "X", "five", "X", "two", "bye", "X", "time"], "sphinx_fil": ["9", "2", "X", "X", "X", "X", "X", "X", "X", "X"], "googleCloud_fil": ["X", "X", "X", "X", "X", "7", "X", "5", "X", "5"], "wit_fil": ["9", "6", "4", "X", "5", "7", "X", "X", "3", "X"], "ibm_fil": ["9", "4", "X", "X", "5", "X", "2", "X", "X", "X"], "final": "XXXXXXXXXX", "googleCloud": ["X", "brick", "X", "X", "X", "seven", "news", "five", "X", "five"]}