{"bing_fil": ["8", "1", "X", "X", "X", "X", "X", "X", "9", "X"], "google": ["X", "1", "X", "X", "X", "X", "X", "X", "X", "X"], "sphinx": ["hey", "juan", "you", "the", "they couldn't", "oh i", "the to you", "it all", "no i", "really"], "ibm": ["eight", "one", "very", "eight", "X", "for", "X", "all", "nine", "really"], "google_fil": ["X", "1", "X", "X", "X", "X", "X", "X", "X", "X"], "wit": ["", "one", "turn", "", "six", "boy", "", "", "nine", "three"], "bing": ["eight", "one", "X", "X", "sex", "boy", "X", "X", "nine", "X"], "sphinx_fil": ["X", "X", "X", "X", "X", "X", "X", "X", "X", "X"], "googleCloud_fil": ["8", "1", "3", "X", "X", "X", "X", "X", "X", "X"], "wit_fil": ["X", "1", "X", "X", "6", "X", "X", "X", "9", "3"], "ibm_fil": ["8", "1", "X", "8", "X", "4", "X", "X", "9", "X"], "final": "X1XXXXXXXX", "googleCloud": ["eight", "one", "three", "X", "X", "X", "X", "X", "X", "X"]}