{"bing_fil": ["888", "11", null, null, "6666", null, null, null, "99", null], "google": ["X", "1", "X", "X", "X", "X", "X", "X", "X", "X"], "sphinx": ["hey", "juan", "you", "the", "they couldn't", "oh i", "the to you", "it all", "no i", "really"], "ibm": ["eight", "one", "very", "eight", "X", "for", "X", "all", "nine", "really"], "google_fil": [null, "11", null, null, null, null, null, null, null, null], "wit": ["", "one", "turn", "", "six", "boy", "", "", "nine", "three"], "bing": ["eight", "one", "X", "X", "sex", "boy", "X", "X", "nine", "X"], "sphinx_fil": ["8", "1", "2", null, null, null, null, null, "9", "3"], "googleCloud_fil": ["888", "11", "33", null, null, null, null, null, null, null], "wit_fil": [null, "11", null, null, "6666", null, null, null, "99", "33"], "ibm_fil": ["888", "11", "3", "888", null, "44", null, null, "99", "3"], "final": "813864XX93", "googleCloud": ["eight", "one", "three", "X", "X", "X", "X", "X", "X", "X"]}