{"google": ["X", "1", "X", "X", "X", "X", "X", "X", "X", "X"], "sphinx_fil": ["8", "1", "X", "X", "X", "X", "X", "X", "9", "X"], "wit": ["", "one", "turn", "", "six", "boy", "", "", "nine", "three"], "time3": 1.6785240173339844, "time8": 2.0825209617614746, "time9": 2.5254571437835693, "time4": 2.7142908573150635, "time5": 1.6215338706970215, "time6": 2.775531768798828, "time7": 3.324920892715454, "time0": 1.8960118293762207, "time1": 1.5835387706756592, "time2": 2.331157922744751, "googleCloud_fil": ["8", "1", "3", "X", "X", "X", "X", "X", "X", "X"], "final": "813864XX93", "total_time": 22.702415943145752, "bing_fil": ["8", "1", "X", "X", "6", "X", "X", "X", "9", "X"], "houndify": ["X", "X", "X", "X", "X", "X", "X", "X", "X", "X"], "wit_fil": ["X", "1", "X", "X", "6", "X", "X", "X", "9", "3"], "googleCloud": ["eight", "one", "three", "X", "X", "X", "X", "X", "X", "X"], "sphinx": ["hey", "juan", "you", "the", "they couldn't", "oh i", "the to you", "it all", "no i", "really"], "ibm": ["eight", "one", "very", "eight", "X", "for", "X", "all", "nine", "really"], "google_fil": ["X", "1", "X", "X", "X", "X", "X", "X", "X", "X"], "bing": ["eight", "one", "X", "X", "sex", "boy", "X", "X", "nine", "X"], "ibm_fil": ["8", "1", "3", "8", "X", "4", "X", "X", "9", "X"], "houndify_fil": ["X", "X", "X", "X", "X", "X", "X", "X", "X", "X"]}