{"bing_fil": ["44", "33", null, null, "11", "33", "11", "00", "55", "3"], "google": ["X", "X", "3", "free", "X", "X", "1", "X", "X", "Curry"], "sphinx": ["lawyer", "green", "they", "hurry", "why are you", "don't worry", "more than one", "euro", "why", "hey it"], "ibm": ["for", "we", "very", "every", "one", "re", "one", "zero", "are", "during"], "google_fil": [null, null, "33", "33", null, null, "11", null, null, null], "wit": ["four", "three", "hey", "three", "one", "", "one", "zero", "five", "three"], "bing": ["four", "three", "sorry", "play", "one", "three", "one", "zero", "five", "siri"], "sphinx_fil": [null, "3", "8", "3", null, null, null, "0", "5", null], "googleCloud_fil": ["44", null, "33", "33", null, "33", "11", "00", "55", "33"], "wit_fil": ["44", "33", "8", "33", "11", null, "11", "00", "55", "33"], "ibm_fil": ["44", "33", "3", null, "11", null, "11", "00", null, "39"], "final": "4333131053", "googleCloud": ["four", "X", "three", "three", "X", "three", "one", "zero", "five", "three"]}