{"google": ["X", "X", "3", "free", "X", "X", "1", "X", "X", "Curry"], "sphinx_fil": ["X", "3", "8", "X", "X", "X", "1", "0", "X", "X"], "wit": ["four", "three", "hey", "three", "one", "", "one", "zero", "five", "three"], "time3": 7.354164123535156, "time8": 3.4085259437561035, "time9": 3.7329320907592773, "time4": 2.3798978328704834, "time5": 2.9377059936523438, "time6": 2.9297711849212646, "time7": 1.9311940670013428, "time0": 3.008350133895874, "time1": 4.328718900680542, "time2": 6.032887935638428, "googleCloud_fil": ["4", "X", "3", "3", "X", "3", "1", "0", "5", "3"], "final": "4333131053", "total_time": 38.78424096107483, "bing_fil": ["4", "3", "X", "X", "1", "3", "1", "0", "5", "3"], "houndify": ["X", "X", "X", "X", "X", "X", "X", "X", "X", "X"], "wit_fil": ["4", "3", "8", "3", "1", "X", "1", "0", "5", "3"], "googleCloud": ["four", "X", "three", "three", "X", "three", "one", "zero", "five", "three"], "sphinx": ["lawyer", "green", "they", "hurry", "why are you", "don't worry", "more than one", "euro", "why", "hey it"], "ibm": ["for", "we", "very", "every", "one", "re", "one", "zero", "are", "during"], "google_fil": ["X", "X", "3", "3", "X", "X", "1", "X", "X", "X"], "bing": ["four", "three", "sorry", "play", "one", "three", "one", "zero", "five", "siri"], "ibm_fil": ["4", "X", "3", "X", "1", "X", "1", "0", "X", "9"], "houndify_fil": ["X", "X", "X", "X", "X", "X", "X", "X", "X", "X"]}