{"bing_fil": ["4", "3", "X", "X", "1", "3", "1", "0", "5", "X"], "google": ["X", "X", "3", "free", "X", "X", "1", "X", "X", "Curry"], "sphinx": ["lawyer", "green", "they", "hurry", "why are you", "don't worry", "more than one", "euro", "why", "hey it"], "ibm": ["for", "we", "very", "every", "one", "re", "one", "zero", "are", "during"], "google_fil": ["X", "X", "3", "X", "X", "X", "1", "X", "X", "X"], "wit": ["four", "three", "hey", "three", "one", "", "one", "zero", "five", "three"], "bing": ["four", "three", "sorry", "play", "one", "three", "one", "zero", "five", "siri"], "sphinx_fil": ["X", "X", "X", "X", "X", "X", "X", "X", "X", "X"], "googleCloud_fil": ["4", "X", "3", "3", "X", "3", "1", "0", "5", "3"], "wit_fil": ["4", "3", "X", "3", "1", "X", "1", "0", "5", "3"], "ibm_fil": ["4", "X", "X", "X", "1", "X", "1", "0", "X", "X"], "final": "4XXXXX10XX", "googleCloud": ["four", "X", "three", "three", "X", "three", "one", "zero", "five", "three"]}