{"google": ["X", "free", "X", "X", "X", "X", "horse", "X", "X", "1"], "sphinx_fil": ["X", "X", "X", "X", "X", "X", "X", "X", "X", "1"], "wit": ["okay", "play", "", "two", "", "hey", "why", "", "four", "one"], "time3": 3.488816022872925, "time8": 2.3698410987854004, "time9": 2.6652848720550537, "time4": 3.4405529499053955, "time5": 4.437896013259888, "time6": 6.678395986557007, "time7": 8.325064897537231, "time0": 6.624633073806763, "time1": 4.021471977233887, "time2": 3.270908832550049, "googleCloud_fil": ["X", "8", "5", "X", "X", "8", "4", "X", "X", "1"], "final": "X852684X41", "total_time": 46.06645107269287, "bing_fil": ["X", "X", "X", "2", "6", "8", "4", "X", "4", "1"], "houndify": ["X", "X", "X", "X", "X", "X", "X", "X", "X", "X"], "wit_fil": ["X", "X", "X", "2", "X", "8", "X", "X", "4", "1"], "googleCloud": ["X", "eight", "five", "X", "X", "eight", "four", "X", "X", "one"], "sphinx": ["good", "they are", "uh", "to know", "in", "a home", "why", "but i", "what", "one"], "ibm": ["X", "great", "X", "you", "it", "a", "well I", "X", "or", "one"], "google_fil": ["X", "3", "X", "X", "X", "X", "X", "X", "X", "1"], "bing": ["X", "great", "bye", "who", "dick", "hey", "four", "X", "or", "one"], "ibm_fil": ["X", "X", "X", "X", "8", "8", "X", "X", "4", "1"], "houndify_fil": ["X", "X", "X", "X", "X", "X", "X", "X", "X", "X"]}