{"bing_fil": ["X", "X", "X", "X", "X", "X", "4", "X", "X", "1"], "google": ["X", "free", "X", "X", "X", "X", "horse", "X", "X", "1"], "sphinx": ["good", "they are", "uh", "to know", "in", "a home", "why", "but i", "what", "one"], "ibm": ["X", "great", "X", "you", "it", "a", "well I", "X", "or", "one"], "google_fil": ["X", "X", "X", "X", "X", "X", "X", "X", "X", "1"], "wit": ["okay", "play", "", "two", "", "hey", "why", "", "four", "one"], "bing": ["X", "great", "bye", "who", "dick", "hey", "four", "X", "or", "one"], "sphinx_fil": ["X", "X", "X", "X", "X", "X", "X", "X", "X", "1"], "googleCloud_fil": ["X", "8", "5", "X", "X", "8", "4", "X", "X", "1"], "wit_fil": ["X", "X", "X", "2", "X", "X", "X", "X", "4", "1"], "ibm_fil": ["X", "X", "X", "X", "X", "X", "X", "X", "X", "1"], "final": "XXXXXXXXX1", "googleCloud": ["X", "eight", "five", "X", "X", "eight", "four", "X", "X", "one"]}