{"bing_fil": [null, null, "59", "22", "6", "8", "44", null, "44", "11"], "google": ["X", "free", "X", "X", "X", "X", "horse", "X", "X", "1"], "sphinx": ["good", "they are", "uh", "to know", "in", "a home", "why", "but i", "what", "one"], "ibm": ["X", "great", "X", "you", "it", "a", "well I", "X", "or", "one"], "google_fil": [null, "33", null, null, null, null, null, null, null, "11"], "wit": ["okay", "play", "", "two", "", "hey", "why", "", "four", "one"], "bing": ["X", "great", "bye", "who", "dick", "hey", "four", "X", "or", "one"], "sphinx_fil": [null, null, null, null, null, null, "5", null, null, "11"], "googleCloud_fil": [null, "888", "55", null, null, "888", "44", null, null, "11"], "wit_fil": [null, null, null, "22", null, "8", "5", null, "44", "11"], "ibm_fil": [null, null, null, "2", "68", "8", null, null, "44", "11"], "final": "X852684X41", "googleCloud": ["X", "eight", "five", "X", "X", "eight", "four", "X", "X", "one"]}