{"bing_fil": ["X", "4", "8", "X", "X", "X", "0", "7", "X", "9"], "google": ["X", "4", "8", "X", "night", "X", "X", "X", "X", "X"], "sphinx": ["i do", "boy", "they are", "ooh", "neither", "oh", "the euro", "in", "ah a u.", "nine"], "ibm": ["to", "or", "X", "do", "now I", "you know", "euro", "that's right", "I", "nine"], "google_fil": ["X", "4", "8", "X", "X", "X", "X", "X", "X", "X"], "wit": ["who", "four", "eight", "who", "nine", "", "yo", "seven", "five", "nine"], "bing": ["do", "four", "eight", "who", "night", "seattle", "zero", "seven", "bye", "nine"], "sphinx_fil": ["X", "X", "X", "X", "X", "X", "X", "X", "X", "9"], "googleCloud_fil": ["4", "4", "8", "X", "9", "X", "0", "7", "X", "9"], "wit_fil": ["X", "4", "8", "X", "9", "X", "X", "7", "5", "9"], "ibm_fil": ["2", "X", "X", "X", "X", "X", "X", "X", "X", "9"], "final": "X48XXXXXX9", "googleCloud": ["four", "four", "eight", "X", "nine", "X", "zero", "seven", "X", "nine"]}