{"google": ["X", "4", "8", "X", "night", "X", "X", "X", "X", "X"], "sphinx_fil": ["2", "X", "X", "X", "X", "X", "X", "X", "X", "9"], "wit": ["who", "four", "eight", "who", "nine", "", "yo", "seven", "five", "nine"], "time3": 2.563770055770874, "time8": 1.6218998432159424, "time9": 2.0448250770568848, "time4": 1.5687291622161865, "time5": 2.3220601081848145, "time6": 2.1667540073394775, "time7": 2.621304988861084, "time0": 2.784656047821045, "time1": 1.7028779983520508, "time2": 2.838310956954956, "googleCloud_fil": ["4", "4", "8", "X", "9", "X", "0", "7", "X", "9"], "final": "2482900759", "total_time": 22.392856121063232, "bing_fil": ["2", "4", "8", "2", "9", "X", "0", "7", "X", "9"], "houndify": ["X", "X", "X", "X", "X", "X", "X", "X", "X"], "wit_fil": ["2", "4", "8", "2", "9", "X", "0", "7", "5", "9"], "googleCloud": ["four", "four", "eight", "X", "nine", "X", "zero", "seven", "X", "nine"], "sphinx": ["i do", "boy", "they are", "ooh", "neither", "oh", "the euro", "in", "ah a u.", "nine"], "ibm": ["to", "or", "X", "do", "now I", "you know", "euro", "that's right", "I", "nine"], "google_fil": ["X", "4", "8", "X", "9", "X", "X", "X", "X", "X"], "bing": ["do", "four", "eight", "who", "night", "seattle", "zero", "seven", "bye", "nine"], "ibm_fil": ["2", "4", "X", "2", "X", "0", "0", "X", "X", "9"], "houndify_fil": ["X", "X", "X", "X", "X", "X", "X", "X", "X"]}