{"bing_fil": ["2", "44", "888", "22", "9", null, "00", "77", "59", "99"], "google": ["X", "4", "8", "X", "night", "X", "X", "X", "X", "X"], "sphinx": ["i do", "boy", "they are", "ooh", "neither", "oh", "the euro", "in", "ah a u.", "nine"], "ibm": ["to", "or", "X", "do", "now I", "you know", "euro", "that's right", "I", "nine"], "google_fil": [null, "44", "888", null, "9", null, null, null, null, null], "wit": ["who", "four", "eight", "who", "nine", "", "yo", "seven", "five", "nine"], "bing": ["do", "four", "eight", "who", "night", "seattle", "zero", "seven", "bye", "nine"], "sphinx_fil": ["2", null, null, null, null, null, "0", null, null, "99"], "googleCloud_fil": ["44", "44", "888", null, "99", null, "00", "77", null, "99"], "wit_fil": ["22", "44", "888", "22", "99", null, "0", "77", "55", "99"], "ibm_fil": ["22", "44", null, "2", "9", "0", "0", null, "59", "99"], "final": "2482900759", "googleCloud": ["four", "four", "eight", "X", "nine", "X", "zero", "seven", "X", "nine"]}