{"bing_fil": ["2", "8", "X", "X", "X", "2", "3", "X", "X", "X"], "google": ["2", "X", "X", "fights", "X", "X", "3", "X", "X", "4"], "sphinx": ["two", "they didn't", "good", "charlie", "i do", "naomi", "bernie", "let them", "i wanted", "poor"], "ibm": ["to", "eight", "you", "right", "to", "you know", "three", "let them", "what", "or"], "google_fil": ["2", "X", "X", "X", "X", "X", "3", "X", "X", "4"], "wit": ["who", "eight", "", "five", "two", "hello", "three", "", "one", "or"], "bing": ["two", "eight", "X", "bye", "X", "two", "three", "X", "what", "or"], "sphinx_fil": ["2", "X", "X", "X", "X", "X", "X", "X", "X", "X"], "googleCloud_fil": ["2", "8", "2", "5", "X", "2", "3", "X", "X", "4"], "wit_fil": ["X", "8", "X", "5", "2", "X", "3", "X", "1", "X"], "ibm_fil": ["2", "8", "X", "X", "2", "X", "3", "X", "X", "X"], "final": "28XXXX3XXX", "googleCloud": ["two", "eight", "two", "five", "X", "two", "three", "X", "X", "four"]}