{"bing_fil": ["22", "888", null, "59", null, "22", "33", null, null, "44"], "google": ["2", "X", "X", "fights", "X", "X", "3", "X", "X", "4"], "sphinx": ["two", "they didn't", "good", "charlie", "i do", "naomi", "bernie", "let them", "i wanted", "poor"], "ibm": ["to", "eight", "you", "right", "to", "you know", "three", "let them", "what", "or"], "google_fil": ["22", null, null, null, null, null, "33", null, null, "44"], "wit": ["who", "eight", "", "five", "two", "hello", "three", "", "one", "or"], "bing": ["two", "eight", "X", "bye", "X", "two", "three", "X", "what", "or"], "sphinx_fil": ["22", null, null, null, "2", null, null, null, null, "4"], "googleCloud_fil": ["22", "888", "22", "55", null, "22", "33", null, null, "44"], "wit_fil": ["22", "888", null, "55", "22", "20", "33", null, "11", "44"], "ibm_fil": ["22", "888", "2", null, "22", "0", "33", null, null, "44"], "final": "2825223X14", "googleCloud": ["two", "eight", "two", "five", "X", "two", "three", "X", "X", "four"]}