{"google": ["2", "X", "X", "fights", "X", "X", "3", "X", "X", "4"], "sphinx_fil": ["2", "X", "X", "X", "2", "X", "X", "X", "X", "X"], "wit": ["who", "eight", "", "five", "two", "hello", "three", "", "one", "or"], "time3": 3.242311954498291, "time8": 2.5807058811187744, "time9": 3.5569498538970947, "time4": 2.375110149383545, "time5": 2.5525341033935547, "time6": 1.6485528945922852, "time7": 2.633319854736328, "time0": 2.3874399662017822, "time1": 2.081916093826294, "time2": 3.961398124694824, "googleCloud_fil": ["2", "8", "2", "5", "X", "2", "3", "X", "X", "4"], "final": "2825223X14", "total_time": 27.183895111083984, "bing_fil": ["2", "8", "X", "X", "X", "2", "3", "X", "X", "4"], "houndify": ["X", "X", "X", "X", "X", "X", "X", "X", "X", "X"], "wit_fil": ["2", "8", "X", "5", "2", "0", "3", "X", "1", "4"], "googleCloud": ["two", "eight", "two", "five", "X", "two", "three", "X", "X", "four"], "sphinx": ["two", "they didn't", "good", "charlie", "i do", "naomi", "bernie", "let them", "i wanted", "poor"], "ibm": ["to", "eight", "you", "right", "to", "you know", "three", "let them", "what", "or"], "google_fil": ["2", "X", "X", "X", "X", "X", "3", "X", "X", "4"], "bing": ["two", "eight", "X", "bye", "X", "two", "three", "X", "what", "or"], "ibm_fil": ["2", "8", "X", "X", "2", "0", "3", "X", "X", "4"], "houndify_fil": ["X", "X", "X", "X", "X", "X", "X", "X", "X", "X"]}